,Player,Age,Team,Pos,G,GS,MP,PER,TS%,3PAr,FTr,ORB%,DRB%,TRB%,AST%,STL%,BLK%,TOV%,USG%,OWS,DWS,WS,WS/48,OBPM,DBPM,BPM,VORP,YearSalary
0,Mikal Bridges,28,NYK,SF,82,82,3036,14.0,0.585,0.391,0.1,2.7,7.0,4.9,14.4,1.2,1.3,9.7,19.6,3.7,2.0,5.7,0.09,0.4,-0.9,-0.5,1.2,23300000.0
1,Josh Hart,29,NYK,SG,77,77,2897,16.5,0.611,0.327,0.266,6.4,22.6,14.6,20.7,2.0,0.9,15.5,15.3,5.4,3.8,9.2,0.153,1.1,1.8,2.8,3.6,18144000.0
2,Anthony Edwards,23,MIN,SG,79,79,2871,20.1,0.595,0.503,0.308,2.4,14.8,8.7,20.9,1.6,1.7,12.0,31.4,4.6,3.8,8.4,0.14,4.4,0.0,4.3,4.6,42176400.0
3,Devin Booker,28,PHO,SG,75,75,2795,19.3,0.589,0.388,0.34,3.1,8.9,6.1,30.6,1.2,0.5,11.9,29.3,6.1,0.3,6.4,0.111,2.8,-2.4,0.4,1.7,49205800.0
4,James Harden,35,LAC,PG,79,79,2789,20.0,0.582,0.516,0.446,2.3,16.1,9.3,36.8,2.1,2.0,18.0,29.6,4.0,4.3,8.3,0.143,3.5,0.8,4.3,4.4,33653846.0
5,DeMar DeRozan,35,SAC,SF,77,77,2768,17.7,0.569,0.196,0.337,2.0,10.1,6.0,18.7,1.1,1.1,6.5,25.0,5.7,1.4,7.1,0.123,1.2,-1.2,-0.1,1.3,23400000.0
6,Trae Young,26,ATL,PG,76,76,2739,18.3,0.567,0.467,0.408,1.4,8.2,4.7,46.4,1.6,0.4,17.9,29.6,4.4,1.3,5.7,0.1,3.3,-2.7,0.5,1.7,43031940.0
7,Tyler Herro,25,MIA,SG,77,77,2725,19.7,0.605,0.486,0.237,1.4,14.6,8.1,26.2,1.3,0.6,11.5,28.0,4.7,2.7,7.4,0.131,3.8,-0.7,3.1,3.5,29000000.0
8,OG Anunoby,27,NYK,PF,74,74,2706,15.4,0.591,0.448,0.22,4.2,11.0,7.6,8.5,2.0,2.2,8.3,19.7,3.7,2.8,6.5,0.116,0.7,0.1,0.7,1.9,36637932.0
9,Jalen Green,22,HOU,SG,82,82,2697,15.1,0.544,0.46,0.234,1.7,13.4,7.4,16.0,1.3,0.9,11.4,27.3,1.9,3.2,5.1,0.092,1.1,-0.5,0.5,1.7,12483048.0
10,Christian Braun,23,DEN,SG,79,77,2675,16.0,0.665,0.273,0.261,4.2,12.2,8.4,10.1,1.5,1.2,8.1,15.8,6.2,1.9,8.0,0.144,0.8,-0.5,0.3,1.6,3089640.0
11,Bam Adebayo,27,MIA,C,78,78,2674,18.9,0.561,0.199,0.295,7.7,23.1,15.5,20.0,1.8,1.9,11.4,23.5,3.5,4.0,7.5,0.135,1.0,1.0,2.0,2.7,34848340.0
12,Ivica Zubac,27,LAC,C,80,80,2624,22.3,0.641,0.0,0.251,13.1,30.2,21.8,12.8,1.0,3.4,10.8,19.5,7.0,4.7,11.7,0.215,2.3,0.8,3.1,3.4,11743210.0
13,Jayson Tatum,26,BOS,PF,72,72,2624,21.7,0.582,0.497,0.3,2.0,23.7,12.9,27.0,1.5,1.3,11.2,31.2,5.3,4.2,9.5,0.174,4.4,0.8,5.2,4.8,34848340.0
14,Jaden McDaniels,24,MIN,PF,82,82,2614,13.3,0.562,0.363,0.153,5.6,14.2,10.0,9.0,2.1,2.6,9.6,16.3,2.3,3.9,6.3,0.115,-1.4,1.4,0.0,1.4,23017242.0
15,Keegan Murray,24,SAC,PF,76,76,2610,12.0,0.553,0.548,0.088,6.3,15.5,10.9,5.6,1.1,2.6,6.6,15.0,2.4,2.1,4.4,0.082,-0.8,-0.8,-1.6,0.2,8809560.0
16,Zach LaVine,29,2TM,SF,74,74,2602,17.3,0.639,0.438,0.233,0.9,12.0,6.5,18.3,1.1,0.4,13.4,25.3,3.7,1.4,5.1,0.094,2.3,-1.6,0.7,1.8,44531940.0
17,Shai Gilgeous-Alexander,26,OKC,PG,76,76,2598,30.7,0.637,0.263,0.404,2.8,12.6,7.8,31.3,2.4,3.0,8.6,34.8,11.9,4.8,16.7,0.309,8.9,2.6,11.5,8.9,35859950.0
18,Michael Porter Jr.,26,DEN,SF,77,77,2593,16.2,0.617,0.467,0.185,6.1,16.2,11.4,8.7,0.9,1.3,8.4,20.2,4.6,1.8,6.4,0.118,1.6,-1.7,-0.1,1.2,35859950.0
19,Derrick White,30,BOS,SG,76,76,2574,16.6,0.606,0.721,0.168,2.8,11.5,7.2,20.2,1.4,2.9,11.3,19.8,5.1,3.4,8.5,0.158,2.7,0.8,3.5,3.6,20071429.0
20,Dyson Daniels,21,ATL,SG,76,76,2571,15.6,0.545,0.255,0.152,5.1,14.2,9.6,17.9,4.2,2.0,13.6,18.2,1.3,3.7,5.0,0.093,-1.1,2.6,1.5,2.3,6059520.0
21,Nikola Jokić,29,DEN,C,70,70,2571,32.0,0.663,0.243,0.331,9.0,28.2,19.1,44.1,2.4,1.6,12.8,29.5,12.7,3.8,16.4,0.307,9.9,3.3,13.3,9.8,51415938.0
22,Austin Reaves,26,LAL,SG,73,73,2550,18.1,0.616,0.512,0.353,2.8,11.5,7.3,24.9,1.6,0.8,12.9,23.7,5.6,2.1,7.6,0.144,2.4,-0.5,1.9,2.6,12976362.0
23,Toumani Camara,24,POR,PF,78,78,2548,12.5,0.572,0.503,0.176,7.2,12.1,9.6,9.6,2.2,1.8,12.4,14.4,2.5,2.6,5.2,0.097,-0.9,0.8,-0.1,1.2,1891857.0
24,Pascal Siakam,30,IND,PF,78,78,2548,19.2,0.599,0.274,0.261,5.9,17.6,11.8,15.7,1.3,1.5,7.6,24.2,5.0,2.5,7.5,0.142,2.2,-0.5,1.7,2.4,42176400.0
25,Brook Lopez,36,MIL,C,80,80,2546,14.8,0.624,0.482,0.178,5.0,11.8,8.6,7.8,0.9,5.4,9.1,15.8,3.6,2.9,6.6,0.124,0.4,0.4,0.8,1.8,23000000.0
26,Karl-Anthony Towns,29,NYK,C,72,72,2517,23.4,0.63,0.278,0.337,9.8,32.0,21.0,13.8,1.4,1.9,12.1,27.4,6.3,3.8,10.1,0.193,3.5,0.1,3.6,3.5,49205800.0
27,Bub Carrington,19,WAS,PG,82,57,2458,9.0,0.514,0.544,0.114,1.4,13.1,7.2,21.2,1.0,0.8,15.2,15.8,-0.4,0.6,0.2,0.005,-3.3,-1.3,-4.6,-1.6,4454880.0
28,Cade Cunningham,23,DET,PG,70,70,2452,20.6,0.565,0.287,0.254,2.5,16.5,9.6,43.0,1.4,2.1,16.0,33.2,3.0,2.9,5.9,0.115,3.8,0.1,3.9,3.7,13940809.0
29,Tyrese Haliburton,24,IND,PG,73,73,2451,21.8,0.616,0.559,0.221,1.9,9.7,5.9,38.9,2.1,1.8,9.8,21.6,8.1,2.3,10.4,0.204,5.7,0.2,5.8,4.9,42176400.0
30,Coby White,24,CHI,SG,74,73,2450,15.5,0.601,0.521,0.274,1.1,10.4,5.8,19.5,1.3,0.6,12.4,24.4,3.0,1.5,4.5,0.088,0.5,-1.4,-0.9,0.7,12000000.0
31,LeBron James,40,LAL,SF,70,70,2444,22.7,0.604,0.312,0.261,3.4,21.2,12.6,40.3,1.4,1.5,15.5,30.1,4.9,2.8,7.7,0.152,4.9,0.7,5.6,4.7,48728845.0
32,Domantas Sabonis,28,SAC,C,70,70,2429,22.9,0.655,0.175,0.324,12.3,32.6,22.4,26.0,1.0,1.0,16.5,21.6,7.4,2.7,10.1,0.199,4.2,1.1,5.2,4.4,40500000.0
33,Jamal Murray,27,DEN,PG,67,67,2418,17.8,0.584,0.354,0.219,2.2,9.3,5.9,23.2,1.8,1.2,10.1,24.0,4.6,1.6,6.2,0.123,1.8,-1.0,0.8,1.7,36016200.0
34,Alperen Şengün,22,HOU,C,76,76,2395,21.4,0.545,0.079,0.374,11.4,23.8,17.5,24.1,1.7,2.3,12.7,26.2,4.1,4.2,8.3,0.166,2.6,1.8,4.4,3.9,5424654.0
35,Dillon Brooks,29,HOU,SF,75,75,2388,11.0,0.555,0.524,0.135,3.3,9.1,6.1,7.4,1.2,0.6,7.4,17.7,2.7,2.5,5.1,0.103,-1.4,0.0,-1.4,0.4,22255493.0
36,Rudy Gobert,32,MIN,C,72,72,2388,18.3,0.687,0.0,0.535,12.5,23.8,18.2,7.5,1.2,4.1,12.4,13.0,6.1,4.0,10.1,0.204,0.6,1.3,1.9,2.4,43827586.0
37,Tobias Harris,32,DET,PF,73,73,2305,13.9,0.571,0.328,0.206,3.1,17.5,10.4,9.8,1.5,2.4,8.8,17.6,2.3,2.9,5.2,0.108,-0.5,0.6,0.1,1.2,25365854.0
38,Darius Garland,25,CLE,PG,75,75,2301,19.9,0.6,0.451,0.217,2.3,7.6,5.0,32.2,1.9,0.4,12.8,27.2,5.8,2.3,8.1,0.169,3.9,-0.8,3.1,3.0,36725670.0
39,Jalen Brunson,28,NYK,PG,65,65,2301,21.6,0.605,0.331,0.373,1.4,7.9,4.7,32.3,1.3,0.3,10.5,29.5,6.8,1.4,8.3,0.172,4.7,-1.3,3.3,3.1,24960001.0
40,Jarrett Allen,26,CLE,C,82,82,2296,22.1,0.724,0.008,0.433,10.5,26.7,18.8,9.5,1.6,2.9,11.3,15.9,7.6,4.0,11.6,0.243,3.0,1.2,4.2,3.6,20000000.0
41,Chris Paul,39,SAS,PG,82,82,2292,14.7,0.58,0.636,0.158,1.5,12.3,6.9,34.8,2.2,0.9,17.1,14.0,4.2,1.6,5.7,0.12,0.3,0.5,0.8,1.6,10460000.0
42,Anfernee Simons,25,POR,SG,70,70,2292,14.9,0.557,0.527,0.172,1.2,8.0,4.5,23.3,1.3,0.2,10.6,24.6,2.9,1.2,4.2,0.087,1.5,-1.5,-0.1,1.1,25892857.0
43,Giannis Antetokounmpo,30,MIL,PF,67,67,2289,30.5,0.625,0.048,0.536,7.3,29.7,19.0,36.0,1.2,3.2,11.2,35.2,7.8,3.7,11.5,0.241,6.9,2.5,9.5,6.6,48787676.0
44,Malik Beasley,28,DET,SG,82,18,2283,14.4,0.59,0.715,0.131,2.3,8.0,5.2,8.9,1.5,0.2,6.8,22.5,2.9,1.8,4.7,0.1,2.0,-1.2,0.8,1.6,6000000.0
45,Kentavious Caldwell-Pope,31,ORL,SG,77,77,2279,9.9,0.574,0.607,0.175,1.6,7.2,4.3,8.7,2.2,1.4,9.6,12.4,1.5,3.1,4.6,0.096,-3.0,1.6,-1.4,0.3,22757000.0
46,Nikola Vučević,34,CHI,C,73,72,2278,20.3,0.611,0.309,0.144,8.3,25.2,16.9,17.1,1.2,2.0,9.7,22.4,4.7,2.6,7.3,0.153,2.5,0.1,2.6,2.7,20000000.0
47,Payton Pritchard,27,BOS,PG,80,3,2271,17.6,0.633,0.723,0.097,4.9,9.8,7.3,18.1,1.5,0.6,8.4,19.0,6.1,2.5,8.6,0.183,3.4,0.2,3.5,3.2,6696429.0
48,Kevin Durant,36,PHO,PF,62,62,2265,21.2,0.642,0.331,0.321,1.2,16.9,9.2,19.6,1.1,3.2,12.9,28.7,4.0,1.2,5.2,0.111,3.9,-0.7,3.2,3.0,51179021.0
49,Shaedon Sharpe,21,POR,SG,72,52,2252,14.5,0.551,0.428,0.219,3.2,12.7,7.8,14.2,1.3,0.6,11.0,25.1,1.3,1.7,3.0,0.064,0.0,-1.3,-1.3,0.4,6614160.0
50,Stephen Curry,36,GSW,PG,70,70,2252,21.5,0.618,0.623,0.238,1.9,13.3,7.4,31.3,1.7,1.3,12.6,29.8,5.2,2.7,7.9,0.168,6.4,0.0,6.3,4.8,55761216.0
51,De'Aaron Fox,27,2TM,PG,62,62,2241,18.3,0.56,0.328,0.273,2.7,12.1,7.4,27.2,2.0,1.1,11.8,28.3,2.6,1.7,4.3,0.093,1.3,-1.0,0.4,1.3,34848340.0
52,Jalen Williams,23,OKC,SG,69,69,2237,20.3,0.573,0.291,0.256,2.9,14.6,8.8,23.4,2.4,2.1,10.3,27.5,3.7,4.1,7.8,0.168,2.7,1.4,4.0,3.4,4775760.0
53,Donovan Mitchell,28,CLE,SG,71,71,2232,20.9,0.575,0.48,0.274,2.8,12.5,7.8,23.9,2.0,0.7,9.2,30.9,4.8,2.8,7.6,0.163,3.8,-0.2,3.7,3.2,35410310.0
54,Harrison Barnes,32,SAS,PF,82,82,2230,14.9,0.656,0.527,0.291,4.7,10.3,7.4,8.6,0.8,0.6,6.1,15.7,5.0,0.5,5.6,0.12,1.7,-1.7,0.0,1.2,18000000.0
55,Julius Randle,30,MIN,PF,69,69,2226,17.5,0.593,0.334,0.357,7.3,16.8,12.1,22.5,1.0,0.7,15.3,25.0,3.6,2.6,6.2,0.134,1.5,-0.2,1.3,1.8,33073920.0
56,Amen Thompson,22,HOU,SF,69,42,2225,18.7,0.602,0.131,0.354,9.0,18.2,13.5,16.9,2.1,3.6,14.6,17.5,4.1,3.9,8.0,0.172,1.4,2.6,4.1,3.4,9249960.0
57,Jaren Jackson Jr.,25,MEM,C,74,74,2207,19.6,0.591,0.321,0.328,4.4,15.5,10.0,10.1,1.9,4.7,9.9,28.1,3.2,3.2,6.4,0.139,1.6,0.8,2.3,2.4,25257798.0
58,Desmond Bane,26,MEM,SG,69,68,2205,17.9,0.6,0.411,0.194,3.0,16.9,10.0,23.6,1.7,1.2,13.3,23.3,4.0,2.6,6.5,0.142,2.6,0.6,3.2,2.9,34005250.0
59,Naz Reid,25,MIN,C,80,17,2200,15.8,0.577,0.501,0.155,4.7,19.3,12.1,12.6,1.3,3.0,9.9,21.5,2.4,3.3,5.7,0.125,0.8,0.8,1.6,2.0,13986432.0
60,Tyus Jones,28,PHO,PG,81,58,2174,14.5,0.585,0.587,0.083,2.1,7.8,5.0,27.7,1.6,0.3,11.4,16.2,4.0,0.3,4.4,0.096,1.4,-1.3,0.1,1.1,2087519.0
61,Myles Turner,28,IND,C,72,72,2174,16.1,0.612,0.486,0.293,4.7,19.4,12.1,7.1,1.2,6.0,11.8,20.7,1.8,2.9,4.7,0.104,0.0,0.4,0.4,1.3,19928500.0
62,Evan Mobley,23,CLE,PF,71,71,2167,22.3,0.633,0.254,0.337,8.4,24.0,16.5,15.1,1.4,4.7,12.2,23.2,5.3,3.8,9.0,0.2,3.1,1.5,4.6,3.6,11227657.0
63,Taurean Prince,30,MIL,SF,80,73,2166,9.8,0.613,0.652,0.093,1.8,12.2,7.2,9.4,1.7,0.6,13.3,12.5,1.3,2.2,3.5,0.077,-2.0,0.3,-1.7,0.1,2087519.0
64,Stephon Castle,20,SAS,PG,81,47,2162,13.7,0.522,0.337,0.348,4.4,10.3,7.4,22.8,1.7,0.9,13.4,26.0,0.1,1.0,1.1,0.025,-1.5,-1.7,-3.2,-0.6,9105120.0
65,Deni Avdija,24,POR,SF,72,54,2161,17.7,0.605,0.405,0.441,5.4,21.2,13.1,19.9,1.6,1.5,16.3,23.2,3.1,2.5,5.6,0.124,1.5,0.6,2.1,2.2,15625000.0
66,Jaylen Brown,28,BOS,SF,63,63,2158,17.8,0.555,0.32,0.288,4.1,14.4,9.3,21.4,1.7,0.8,11.4,28.9,2.3,2.9,5.2,0.115,0.4,-0.4,0.0,1.1,49205800.0
67,Tim Hardaway Jr.,32,DET,SG,77,77,2153,9.8,0.567,0.672,0.213,0.9,8.4,4.7,7.6,0.8,0.3,6.1,15.5,2.1,1.4,3.5,0.077,-1.1,-0.9,-2.1,0.0,16193183.0
68,Bennedict Mathurin,22,IND,SF,72,49,2149,13.6,0.579,0.338,0.389,4.6,15.2,9.9,8.8,1.1,1.0,11.9,22.8,1.3,1.8,3.0,0.068,-1.3,-1.5,-2.9,-0.5,7245720.0
69,Spencer Dinwiddie,31,DAL,PG,79,30,2136,13.0,0.553,0.478,0.356,0.9,9.5,5.3,22.1,1.6,0.7,11.4,17.9,2.4,1.2,3.7,0.082,-0.9,-0.7,-1.6,0.2,2087519.0
70,Scottie Barnes,23,TOR,PF,65,65,2134,17.8,0.523,0.263,0.284,5.3,20.2,12.6,27.7,2.1,2.8,13.4,27.0,0.6,2.9,3.5,0.078,1.5,0.9,2.4,2.3,10130980.0
71,Max Christie,21,2TM,SG,78,36,2127,10.4,0.57,0.532,0.258,2.0,11.2,6.7,9.2,1.5,1.3,11.8,15.2,1.1,1.6,2.7,0.06,-2.1,-0.5,-2.5,-0.3,7142857.0
72,Josh Giddey,22,CHI,PG,70,69,2117,18.1,0.57,0.348,0.281,6.4,21.4,14.0,32.9,1.9,1.8,18.4,21.7,2.8,2.5,5.3,0.121,1.9,1.1,3.0,2.7,8352367.0
73,Fred VanVleet,30,HOU,PG,60,60,2111,12.8,0.515,0.607,0.181,1.6,9.7,5.6,21.2,2.2,1.1,9.6,17.7,2.4,2.8,5.2,0.119,-0.4,1.3,0.9,1.5,42846615.0
74,Keyonte George,21,UTA,PG,67,35,2109,12.9,0.539,0.552,0.31,1.3,11.5,6.5,26.9,1.0,0.4,14.9,24.3,0.9,0.1,1.1,0.024,-0.2,-2.5,-2.7,-0.3,4084200.0
75,Dennis Schröder,31,3TM,PG,75,49,2105,12.7,0.531,0.449,0.261,1.4,9.2,5.2,28.7,1.5,0.6,13.3,21.6,1.5,1.7,3.2,0.073,-1.3,-0.9,-2.2,-0.1,13025250.0
76,Damian Lillard,34,MIL,PG,58,58,2093,21.3,0.621,0.528,0.396,1.6,12.1,7.1,29.7,1.6,0.4,12.2,27.8,5.6,2.0,7.6,0.175,4.7,-0.6,4.0,3.2,48787676.0
77,Russell Westbrook,36,DEN,PG,75,36,2092,14.3,0.532,0.35,0.28,5.6,13.4,9.7,28.8,2.4,1.6,20.6,23.8,-0.1,2.1,1.9,0.045,-0.9,-0.2,-1.1,0.5,5631296.0
78,Kelly Oubre Jr.,29,PHI,SF,60,57,2078,13.5,0.551,0.327,0.25,5.1,15.4,10.0,7.9,2.2,1.4,8.9,18.9,1.2,1.4,2.6,0.061,-1.7,-0.6,-2.3,-0.1,7983000.0
79,Nickeil Alexander-Walker,26,MIN,SG,82,10,2073,11.6,0.579,0.601,0.192,2.9,11.1,7.1,15.0,1.2,1.5,12.9,16.0,2.0,2.3,4.3,0.099,-0.8,0.4,-0.4,0.8,4312500.0
80,Luguentz Dort,25,OKC,SF,71,71,2073,11.3,0.586,0.696,0.078,4.7,10.3,7.6,6.9,1.8,1.9,7.7,13.6,2.4,3.2,5.6,0.129,-0.6,0.8,0.2,1.2,16500000.0
81,Onyeka Okongwu,24,ATL,C,74,40,2064,19.0,0.634,0.216,0.316,11.4,24.0,17.5,11.4,1.6,3.0,10.4,17.3,4.9,2.3,7.2,0.168,1.2,0.2,1.3,1.7,14000000.0
82,Malik Monk,26,SAC,SG,65,45,2054,15.0,0.549,0.456,0.19,1.6,11.7,6.7,25.7,1.5,1.8,13.5,24.6,1.3,1.4,2.8,0.065,0.3,-1.1,-0.8,0.6,17405203.0
83,Jaylen Wells,21,MEM,SG,79,74,2043,10.5,0.56,0.58,0.2,4.6,9.3,6.9,8.4,1.0,0.4,8.6,15.9,2.1,1.4,3.5,0.083,-1.2,-1.0,-2.2,-0.1,1157153.0
84,Jalen Duren,21,DET,C,78,78,2034,21.4,0.703,0.0,0.443,15.2,28.7,22.0,14.7,1.3,4.2,17.2,16.4,5.9,3.4,9.2,0.218,1.6,1.5,3.1,2.7,4536840.0
85,Jalen Wilson,24,BRK,PF,79,22,2031,9.5,0.541,0.584,0.266,4.0,11.4,7.5,10.8,1.0,0.2,10.2,16.6,0.9,1.0,1.9,0.046,-2.6,-1.3,-3.9,-1.0,1891857.0
86,Miles Bridges,26,CHO,PF,64,64,2029,17.7,0.541,0.413,0.233,3.7,21.9,12.6,21.7,1.1,2.2,10.2,28.0,1.3,1.8,3.2,0.075,2.3,-0.5,1.8,2.0,27173913.0
87,Davion Mitchell,26,2TM,PG,74,37,2027,10.2,0.573,0.443,0.176,1.9,7.1,4.5,24.2,1.7,0.8,20.0,13.6,1.3,1.6,3.0,0.07,-2.8,0.2,-2.6,-0.3,6451077.0
88,Franz Wagner,23,ORL,SF,60,60,2023,20.1,0.558,0.303,0.268,3.0,17.1,9.7,26.6,1.9,1.0,9.6,31.0,2.6,3.1,5.6,0.133,2.6,0.5,3.1,2.6,7007092.0
89,Quentin Grimes,24,2TM,SG,75,37,2013,15.9,0.595,0.512,0.26,3.2,14.7,8.9,17.7,1.8,1.0,13.3,22.8,2.0,1.4,3.4,0.081,1.3,-0.9,0.4,1.2,4296682.0
90,Jordan Poole,25,WAS,SG,68,68,2001,16.6,0.591,0.588,0.259,1.6,9.0,5.3,25.6,2.0,1.2,14.8,29.0,1.2,0.8,2.0,0.047,2.0,-1.6,0.4,1.2,29651786.0
91,Draymond Green,34,GSW,PF,68,66,1983,12.4,0.534,0.483,0.289,3.9,19.0,11.2,26.2,2.4,3.4,23.3,15.9,0.3,3.4,3.7,0.088,-2.3,2.8,0.5,1.3,24107143.0
92,Devin Vassell,24,SAS,SG,64,53,1983,14.2,0.553,0.483,0.135,1.8,12.0,6.9,13.8,2.0,1.5,8.5,22.1,0.9,1.3,2.2,0.054,-0.3,-0.8,-1.1,0.4,29347826.0
93,Klay Thompson,34,DAL,SF,72,72,1965,12.9,0.552,0.631,0.084,2.5,11.0,6.8,10.7,1.2,1.3,8.8,21.8,0.7,1.1,1.8,0.045,0.7,-1.6,-1.0,0.5,15873016.0
94,Tyrese Maxey,24,PHI,PG,52,52,1960,19.5,0.562,0.438,0.265,0.8,9.6,5.0,28.0,2.3,1.1,9.2,29.8,2.9,1.0,3.8,0.094,3.2,-1.1,2.0,2.0,35147000.0
95,Norman Powell,31,LAC,SG,60,60,1958,17.5,0.615,0.453,0.28,1.2,9.6,5.5,10.2,1.8,0.5,9.2,26.1,2.9,2.3,5.3,0.129,1.7,-0.2,1.5,1.8,19241379.0
96,Yves Missi,20,NOP,C,73,67,1956,15.4,0.572,0.002,0.415,13.7,19.7,16.6,7.2,0.9,4.8,12.4,14.3,2.5,1.1,3.6,0.089,-1.6,-1.4,-3.0,-0.5,3193200.0
97,Keon Ellis,25,SAC,SG,80,28,1948,13.5,0.664,0.692,0.185,3.4,8.8,6.1,8.0,3.0,3.2,12.4,12.7,2.7,2.2,5.0,0.122,-0.1,2.0,1.9,1.9,2120693.0
98,Bilal Coulibaly,20,WAS,SF,59,59,1948,10.8,0.515,0.359,0.296,4.8,10.9,7.8,14.9,1.9,1.9,15.1,17.9,-0.6,0.9,0.3,0.008,-3.0,-0.7,-3.7,-0.8,6945240.0
99,Kyle Kuzma,29,2TM,PF,65,62,1936,10.6,0.514,0.369,0.238,3.0,17.1,10.2,12.1,0.9,0.9,13.5,24.0,-2.3,1.3,-0.9,-0.024,-2.9,-2.0,-4.9,-1.4,24456061.0
100,Julian Champagnie,23,SAS,SF,82,29,1932,12.2,0.577,0.722,0.141,3.7,13.9,8.8,7.9,1.5,1.6,9.5,17.2,1.3,1.2,2.5,0.062,-0.3,-0.9,-1.3,0.4,3000000.0
101,Keon Johnson,22,BRK,SG,79,56,1925,10.4,0.499,0.515,0.178,3.5,14.5,8.8,14.6,2.1,1.5,12.1,21.7,-1.3,1.9,0.5,0.014,-3.1,-0.1,-3.3,-0.6,2162606.0
102,Naji Marshall,27,DAL,SF,69,31,1919,15.1,0.584,0.306,0.225,4.4,14.0,9.3,15.8,1.8,0.5,12.5,20.0,2.0,1.5,3.5,0.087,-0.3,-0.5,-0.8,0.6,8571429.0
103,Jrue Holiday,34,BOS,PG,62,62,1896,13.5,0.565,0.534,0.134,4.4,10.8,7.6,17.3,1.7,1.3,11.3,15.8,2.8,2.4,5.1,0.13,-0.3,1.0,0.7,1.3,30000000.0
104,Guerschon Yabusele,29,PHI,C,70,43,1895,14.7,0.616,0.487,0.245,7.7,16.3,11.8,11.6,1.5,1.2,12.2,16.3,2.9,1.0,3.9,0.099,0.1,-1.1,-1.0,0.5,2087519.0
105,Gary Trent Jr.,26,MIL,SG,74,9,1893,11.7,0.591,0.659,0.14,1.2,8.2,4.8,6.4,1.8,0.2,5.7,17.1,1.6,1.7,3.3,0.084,-1.2,-0.4,-1.6,0.2,2087519.0
106,Anthony Black,21,ORL,PG,78,10,1887,11.6,0.521,0.315,0.318,3.0,11.4,7.0,19.4,2.3,2.4,16.4,19.6,-0.6,3.0,2.4,0.061,-3.1,1.2,-1.9,0.0,7607760.0
107,Josh Green,24,CHO,SG,68,67,1887,7.8,0.559,0.589,0.171,3.1,6.7,4.9,8.2,1.9,0.8,13.4,11.8,0.4,1.0,1.5,0.037,-4.5,0.2,-4.3,-1.1,12654321.0
108,Nic Claxton,25,BRK,C,70,62,1882,16.5,0.569,0.037,0.271,9.0,22.7,15.5,13.7,1.6,5.3,12.0,16.8,1.8,2.5,4.3,0.11,-1.1,1.5,0.4,1.1,27556817.0
109,Andrew Nembhard,25,IND,SG,65,65,1881,11.7,0.545,0.325,0.252,2.0,10.7,6.4,22.5,2.0,0.5,15.8,16.3,1.1,1.7,2.8,0.071,-2.6,0.3,-2.3,-0.1,2019699.0
110,Cason Wallace,21,OKC,SG,68,43,1876,12.3,0.562,0.425,0.076,4.1,8.8,6.5,11.5,3.1,1.9,10.5,12.8,1.8,3.4,5.2,0.133,-1.5,2.6,1.0,1.5,5555880.0
111,Derrick Jones Jr.,27,LAC,SF,77,55,1873,13.5,0.609,0.372,0.2,5.7,10.1,8.0,4.6,2.1,1.7,9.3,16.5,2.1,2.6,4.7,0.12,-1.0,0.7,-0.3,0.8,9523810.0
112,Rui Hachimura,26,LAL,PF,59,57,1869,13.6,0.619,0.429,0.196,4.9,12.6,8.9,6.4,1.2,1.3,7.3,15.8,2.8,1.5,4.3,0.11,-0.1,-0.6,-0.7,0.6,17000000.0
113,RJ Barrett,24,TOR,SF,58,58,1869,16.5,0.547,0.312,0.317,3.4,17.9,10.5,27.3,1.2,0.9,12.9,28.7,0.6,1.7,2.4,0.061,1.2,-0.7,0.6,1.2,25794643.0
114,Buddy Hield,32,GSW,SG,82,22,1863,12.3,0.56,0.698,0.081,2.9,12.7,7.6,10.7,1.8,1.2,10.1,20.5,0.6,2.2,2.8,0.073,-0.7,-0.3,-1.0,0.5,8780488.0
115,Trey Murphy III,24,NOP,SF,53,51,1854,17.3,0.598,0.522,0.274,2.7,13.2,7.8,15.9,1.5,2.0,9.9,23.7,3.0,0.5,3.5,0.091,2.1,-1.4,0.8,1.3,5159854.0
116,Zaccharie Risacher,19,ATL,SF,75,73,1843,12.2,0.558,0.442,0.191,5.0,11.1,8.0,7.1,1.3,1.8,9.8,20.9,0.6,1.1,1.8,0.046,-1.7,-1.8,-3.5,-0.7,12569040.0
117,Andrew Wiggins,29,2TM,SF,60,60,1842,16.4,0.566,0.415,0.306,5.1,10.8,7.9,13.5,1.6,2.6,9.4,24.5,1.9,2.1,4.0,0.104,1.2,-0.3,0.9,1.4,26276786.0
118,Isaiah Collier,20,UTA,PG,71,46,1839,9.7,0.494,0.305,0.277,1.9,11.8,6.9,34.3,1.7,0.8,25.0,18.9,-1.3,0.5,-0.8,-0.021,-3.8,-1.5,-5.3,-1.6,2512680.0
119,Keldon Johnson,25,SAS,SF,77,0,1838,15.6,0.572,0.356,0.252,6.5,15.1,10.8,10.2,1.3,1.1,8.3,21.6,2.2,1.0,3.2,0.083,0.0,-1.6,-1.6,0.2,19000000.0
120,Royce O'Neale,31,PHO,SF,75,22,1837,12.6,0.585,0.774,0.046,3.3,17.5,10.6,12.3,1.8,1.7,10.1,15.5,1.6,1.2,2.8,0.073,0.2,-0.1,0.1,1.0,9375000.0
121,P.J. Washington,26,DAL,PF,57,56,1835,14.0,0.556,0.359,0.298,5.0,20.9,13.1,10.1,1.7,2.8,13.6,20.4,0.3,2.1,2.4,0.062,-1.1,0.2,-0.9,0.5,15500000.0
122,CJ McCollum,33,NOP,PG,56,56,1832,15.8,0.55,0.459,0.173,2.4,10.3,6.2,20.6,1.2,1.3,9.0,27.2,1.3,0.2,1.5,0.038,1.2,-2.6,-1.4,0.3,33333333.0
123,Haywood Highsmith,28,MIA,SF,74,42,1818,9.9,0.583,0.596,0.11,4.4,10.8,7.7,8.4,1.9,2.0,11.6,11.3,1.3,2.1,3.3,0.088,-2.7,0.9,-1.9,0.1,5200000.0
124,Dorian Finney-Smith,31,2TM,PF,63,40,1818,10.1,0.604,0.722,0.103,5.0,10.4,7.7,6.9,1.6,1.2,11.0,12.3,1.5,1.4,2.9,0.078,-1.1,0.1,-1.0,0.5,14924167.0
125,Alex Sarr,19,WAS,C,67,67,1814,12.9,0.482,0.412,0.199,7.1,17.9,12.5,13.9,1.2,5.0,11.2,23.5,-1.6,1.3,-0.3,-0.007,-2.2,-1.0,-3.3,-0.6,11245680.0
126,Kyrie Irving,32,DAL,SG,50,50,1804,19.9,0.594,0.38,0.226,3.7,10.6,7.2,20.5,1.8,1.1,9.7,27.4,3.4,1.3,4.6,0.124,3.9,-0.5,3.4,2.5,41000000.0
127,Kyshawn George,21,WAS,SG,68,38,1802,8.8,0.503,0.648,0.17,2.8,13.7,8.2,13.3,1.8,2.5,14.2,15.9,-0.9,1.1,0.1,0.003,-3.8,-0.3,-4.1,-0.9,2825520.0
128,Cameron Johnson,28,BRK,PF,57,57,1800,18.2,0.632,0.546,0.301,3.3,12.8,7.8,18.5,1.5,1.4,10.5,22.9,3.8,1.3,5.1,0.137,3.5,-0.4,3.1,2.3,22500000.0
129,Duncan Robinson,30,MIA,SF,74,37,1785,11.8,0.595,0.729,0.08,1.1,9.1,5.2,14.7,1.1,0.3,11.1,19.2,1.3,1.4,2.7,0.071,-0.7,-1.1,-1.7,0.1,19406000.0
130,Kris Dunn,30,LAC,PG,74,58,1783,11.3,0.531,0.513,0.05,3.4,12.4,8.0,15.6,3.5,1.5,14.2,12.7,0.8,3.2,4.0,0.108,-2.8,3.4,0.6,1.2,5168000.0
131,Luka Dončić,25,2TM,PG,50,50,1769,24.1,0.587,0.469,0.385,2.6,22.6,12.8,36.1,2.5,1.1,13.0,33.9,3.5,2.4,5.9,0.16,5.5,1.2,6.7,3.9,43031940.0
132,Scoot Henderson,20,POR,PG,66,10,1759,12.5,0.54,0.434,0.301,3.1,9.2,6.1,28.1,1.9,0.7,18.6,22.5,0.4,1.4,1.8,0.049,-1.4,-0.8,-2.2,-0.1,10259160.0
133,Wendell Carter Jr.,25,ORL,C,68,51,1758,13.7,0.544,0.322,0.356,9.4,23.4,16.0,11.5,1.5,2.2,11.9,16.0,1.6,3.0,4.6,0.125,-2.2,0.9,-1.2,0.3,11950000.0
134,Collin Sexton,26,UTA,SG,63,61,1758,16.6,0.593,0.313,0.29,3.7,6.8,5.2,25.1,1.3,0.3,14.1,27.0,2.5,-0.1,2.4,0.066,1.7,-2.3,-0.6,0.6,18350000.0
135,Mike Conley,37,MIN,PG,71,64,1756,13.3,0.573,0.662,0.192,2.1,9.3,5.7,24.5,2.2,0.7,12.9,14.4,3.0,2.2,5.2,0.142,-0.1,1.3,1.2,1.4,9975962.0
136,Amir Coffey,27,LAC,SG,72,13,1748,11.2,0.614,0.484,0.253,2.1,8.2,5.2,6.1,1.1,0.4,7.4,15.3,2.4,1.7,4.0,0.111,-1.5,-0.2,-1.7,0.1,3938271.0
137,Jimmy Butler,35,2TM,SF,55,55,1746,22.4,0.626,0.174,0.657,7.7,10.8,9.2,25.5,2.2,1.0,8.8,20.8,6.6,2.0,8.7,0.238,4.0,1.0,4.9,3.0,48798677.0
138,Aaron Wiggins,26,OKC,SG,76,26,1744,16.1,0.596,0.466,0.122,5.1,12.9,9.1,10.6,1.7,1.0,8.3,20.3,2.7,2.7,5.4,0.148,1.3,-0.2,1.1,1.4,10514017.0
139,Walker Kessler,23,UTA,C,58,58,1740,20.0,0.66,0.081,0.363,16.6,27.1,21.9,8.3,1.0,7.4,15.0,13.7,3.6,1.8,5.4,0.149,1.1,0.7,1.8,1.7,2965920.0
140,De'Andre Hunter,27,2TM,SF,64,9,1740,15.9,0.623,0.509,0.333,2.7,13.4,8.1,7.5,1.4,0.7,8.6,22.8,3.0,1.4,4.4,0.122,1.2,-0.8,0.4,1.0,21696429.0
141,Ochai Agbaji,24,TOR,SG,64,45,1739,12.0,0.601,0.474,0.09,3.7,11.4,7.5,7.9,1.6,1.6,8.9,14.6,1.6,1.5,3.1,0.087,-0.9,0.2,-0.7,0.5,4310280.0
142,Brandin Podziemski,21,GSW,SG,64,33,1716,14.4,0.557,0.491,0.151,4.0,16.8,10.2,18.7,2.0,0.7,10.1,18.3,1.9,2.3,4.2,0.117,-0.1,0.8,0.7,1.2,3519960.0
143,Jabari Smith Jr.,21,HOU,PF,57,39,1716,12.6,0.562,0.489,0.223,6.4,18.6,12.4,4.7,0.7,2.1,8.9,16.4,1.9,2.2,4.2,0.117,-0.8,0.1,-0.7,0.6,9770880.0
144,Anthony Davis,31,2TM,PF,51,51,1706,26.3,0.588,0.136,0.405,9.1,29.1,19.4,18.3,1.7,6.0,9.5,30.4,3.7,3.0,6.7,0.188,3.9,1.5,5.4,3.2,43219440.0
145,Bradley Beal,31,PHO,SG,53,38,1702,15.2,0.598,0.38,0.197,2.3,9.1,5.8,17.6,1.7,1.5,11.6,22.1,1.9,0.6,2.4,0.068,-0.1,-1.0,-1.1,0.4,50203930.0
146,Georges Niang,31,2TM,PF,79,3,1697,11.2,0.607,0.66,0.094,3.1,14.3,8.7,8.8,0.8,0.8,11.3,17.9,1.5,1.4,2.9,0.081,-1.1,-1.2,-2.3,-0.1,8500000.0
147,Jakob Poeltl,29,TOR,C,57,56,1686,20.0,0.641,0.005,0.249,11.7,23.3,17.4,14.5,1.9,4.0,14.7,18.7,3.0,2.5,5.5,0.158,0.7,1.3,2.0,1.7,19500000.0
148,Scotty Pippen Jr.,24,MEM,PG,79,21,1683,15.8,0.582,0.369,0.288,4.1,12.1,8.1,27.1,2.8,1.6,17.1,19.3,2.4,2.3,4.7,0.133,0.0,1.8,1.9,1.7,2087519.0
149,Kevin Huerter,26,2TM,SG,69,31,1679,11.3,0.544,0.647,0.081,2.0,11.3,6.7,12.6,1.9,1.3,9.7,17.5,0.6,1.3,1.9,0.054,-1.8,-0.2,-2.0,0.0,16830357.0
150,Santi Aldama,24,MEM,PF,65,16,1660,16.8,0.588,0.503,0.145,6.1,20.3,13.3,15.2,1.5,1.6,9.3,18.5,2.9,2.0,5.0,0.144,2.5,0.7,3.2,2.2,3960531.0
151,A.J. Green,25,MIL,SG,73,7,1659,9.2,0.621,0.856,0.064,1.2,9.8,5.7,8.5,1.1,0.4,8.4,12.6,1.6,1.3,2.8,0.082,-1.7,-0.4,-2.2,-0.1,2120693.0
152,Al Horford,38,BOS,C,60,42,1659,12.9,0.563,0.681,0.082,5.2,18.9,12.1,10.4,1.1,2.8,8.8,13.8,2.0,2.4,4.4,0.129,0.1,1.1,1.2,1.3,9500000.0
153,Terry Rozier,30,MIA,PG,64,23,1658,10.5,0.497,0.485,0.17,3.0,12.8,7.9,14.8,1.1,0.8,10.3,20.4,-0.5,1.5,1.0,0.029,-2.6,-1.0,-3.7,-0.7,24924126.0
154,Peyton Watson,22,DEN,SF,68,18,1656,11.4,0.564,0.318,0.32,3.3,11.8,7.7,7.0,1.4,5.0,10.3,13.9,1.0,1.5,2.5,0.073,-2.1,0.3,-1.8,0.1,2413560.0
155,Moses Moody,22,GSW,SG,74,34,1649,12.4,0.578,0.593,0.234,3.3,9.2,6.2,8.3,1.7,1.8,7.9,17.4,1.7,1.8,3.5,0.102,-0.9,0.0,-0.9,0.5,5803269.0
156,Tristan Da Silva,23,ORL,SF,74,38,1629,9.9,0.522,0.495,0.13,4.9,12.7,8.6,10.3,1.0,1.1,9.9,15.2,0.5,1.9,2.5,0.073,-2.3,-0.3,-2.6,-0.3,3628440.0
157,Donte DiVincenzo,28,MIN,SG,62,10,1606,14.1,0.582,0.739,0.106,2.2,13.3,7.9,20.2,2.2,1.0,13.8,19.4,1.6,2.2,3.9,0.115,0.8,1.1,1.9,1.6,11445000.0
158,Isaiah Joe,25,OKC,SG,74,16,1604,14.0,0.617,0.793,0.095,2.8,10.1,6.6,9.7,1.4,0.6,5.8,17.2,2.9,2.2,5.1,0.153,1.4,-0.1,1.3,1.4,12991650.0
159,Corey Kispert,25,WAS,SF,61,0,1602,11.0,0.584,0.584,0.156,2.3,9.5,5.9,9.7,0.8,0.8,9.6,17.5,1.0,0.1,1.1,0.032,-1.4,-2.2,-3.7,-0.7,5705887.0
160,Caris LeVert,30,2TM,SG,64,3,1596,15.2,0.582,0.474,0.259,2.8,11.0,6.9,18.1,1.7,1.9,10.2,19.4,2.4,1.6,4.0,0.119,0.8,0.1,0.9,1.2,16615384.0
161,Miles McBride,24,NYK,PG,64,10,1593,12.6,0.531,0.57,0.117,3.4,8.1,5.8,15.6,2.1,1.0,6.7,16.8,1.8,1.4,3.2,0.098,-0.4,0.4,0.0,0.8,4710144.0
162,Isaiah Hartenstein,26,OKC,C,57,53,1590,18.9,0.599,0.04,0.244,11.2,29.6,20.6,18.3,1.4,3.9,15.3,16.7,3.2,3.6,6.8,0.205,0.6,2.6,3.2,2.1,30000000.0
163,Gradey Dick,21,TOR,SG,54,54,1587,10.9,0.543,0.504,0.24,2.9,10.3,6.5,8.9,1.5,0.6,10.4,21.0,0.2,1.2,1.4,0.042,-1.9,-1.3,-3.2,-0.5,4763760.0
164,Paolo Banchero,22,ORL,PF,46,46,1582,20.0,0.551,0.299,0.423,3.5,22.4,12.5,26.0,1.1,1.7,11.2,33.6,1.1,2.4,3.5,0.106,3.4,0.2,3.5,2.2,12160800.0
165,Patrick Williams,23,CHI,PF,63,36,1576,9.0,0.512,0.527,0.161,2.9,12.7,7.9,10.3,1.4,1.8,13.5,16.9,-0.9,1.3,0.4,0.012,-3.0,-0.7,-3.7,-0.7,18000000.0
166,Obi Toppin,26,IND,PF,79,4,1545,17.4,0.642,0.503,0.19,4.1,18.7,11.5,11.9,1.4,1.6,9.5,20.1,2.7,1.6,4.3,0.135,1.8,-0.1,1.7,1.4,12975000.0
167,Grayson Allen,29,PHO,SG,64,7,1544,13.7,0.631,0.716,0.233,2.5,11.3,7.0,12.5,1.7,1.2,12.2,17.6,2.0,0.6,2.5,0.079,0.7,-1.0,-0.3,0.7,15625000.0
168,Sam Hauser,27,BOS,PF,71,19,1541,12.8,0.632,0.842,0.023,3.1,12.7,7.9,5.8,1.3,0.8,4.6,14.3,2.6,1.8,4.4,0.136,0.9,-0.1,0.8,1.1,2092344.0
169,Ziaire Williams,23,BRK,SF,63,45,1541,11.9,0.55,0.581,0.237,4.3,17.5,10.6,8.5,2.0,1.8,10.5,18.2,0.5,1.6,2.1,0.065,-2.2,-0.1,-2.3,-0.1,6133005.0
170,Gabe Vincent,28,LAL,PG,72,11,1527,7.4,0.536,0.736,0.05,1.5,5.2,3.4,8.7,1.6,0.8,8.7,13.5,0.3,1.0,1.3,0.039,-3.8,-0.1,-4.0,-0.8,11000000.0
171,Victor Wembanyama,21,SAS,C,46,46,1527,24.2,0.594,0.47,0.221,5.7,29.8,17.7,18.3,1.6,10.4,13.7,30.4,1.0,2.8,3.8,0.118,3.6,2.9,6.5,3.3,12768960.0
172,Jerami Grant,30,POR,PF,47,47,1524,10.9,0.523,0.516,0.289,1.8,10.0,5.8,9.5,1.3,2.7,9.1,19.4,0.6,1.2,1.8,0.057,-1.4,-0.3,-1.6,0.1,29793104.0
173,Jonas Valančiūnas,32,2TM,C,81,21,1524,20.8,0.602,0.059,0.263,13.3,30.7,22.0,17.6,1.2,2.8,14.6,22.8,2.6,1.7,4.3,0.137,0.8,-0.1,0.6,1.0,9900000.0
174,Kyle Filipowski,21,UTA,C,72,27,1522,14.9,0.594,0.425,0.276,8.0,23.1,15.6,13.9,1.5,1.4,14.9,18.7,1.5,1.0,2.5,0.078,-0.6,-0.3,-1.0,0.4,3000000.0
175,Ja Morant,25,MEM,PG,50,50,1519,19.3,0.563,0.321,0.359,2.4,11.8,7.1,36.0,1.9,0.7,15.2,32.2,2.0,1.5,3.5,0.112,3.1,-0.7,2.4,1.7,36725670.0
176,Matas Buzelis,20,CHI,SF,80,31,1511,12.5,0.571,0.479,0.195,3.9,15.2,9.6,7.2,0.9,4.3,10.9,18.7,0.5,1.4,1.9,0.06,-2.0,-0.5,-2.5,-0.2,5195520.0
177,LaMelo Ball,23,CHO,PG,47,47,1505,19.1,0.536,0.526,0.228,3.3,13.4,8.2,43.8,1.8,0.8,13.1,35.9,0.9,1.1,2.0,0.065,4.1,-0.9,3.2,2.0,35147000.0
178,Dalton Knecht,23,LAL,SF,78,16,1494,12.7,0.594,0.61,0.151,2.9,13.1,8.1,6.5,0.8,0.5,5.9,18.5,1.7,1.0,2.7,0.086,-0.1,-1.7,-1.8,0.1,3819120.0
179,Kevin Porter Jr.,24,2TM,SG,75,4,1482,15.4,0.531,0.271,0.259,3.2,17.3,10.4,25.9,2.7,0.9,15.8,25.4,-0.1,2.3,2.2,0.072,-1.6,0.9,-0.6,0.5,3366937.0
180,D'Angelo Russell,28,2TM,PG,58,36,1480,14.0,0.522,0.564,0.227,1.5,11.0,6.2,31.2,1.9,1.5,13.3,24.0,0.7,1.3,1.9,0.063,0.0,-0.4,-0.4,0.6,18692307.0
181,Lauri Markkanen,27,UTA,PF,47,47,1476,15.6,0.571,0.57,0.264,5.3,14.9,10.1,7.5,1.1,1.1,7.8,24.0,1.8,0.3,2.2,0.07,1.8,-2.1,-0.3,0.7,42176400.0
182,Luke Kennard,28,MEM,SG,65,11,1472,13.6,0.631,0.606,0.132,2.7,10.4,6.6,18.5,1.6,0.3,13.6,14.5,2.6,1.3,3.9,0.127,0.9,0.2,1.1,1.2,9250000.0
183,Jamal Shead,22,TOR,PG,75,11,1467,9.9,0.499,0.442,0.137,2.1,6.4,4.2,29.8,1.9,0.7,18.0,18.6,-0.2,1.1,0.8,0.027,-3.2,-0.9,-4.1,-0.8,1862265.0
184,Aaron Gordon,29,DEN,PF,51,42,1447,17.0,0.65,0.346,0.36,6.4,12.1,9.4,15.0,0.8,0.9,11.3,19.0,3.6,0.7,4.3,0.143,2.7,-1.5,1.2,1.2,22841455.0
185,Isaiah Stewart,23,DET,C,72,4,1434,14.6,0.616,0.168,0.276,10.1,20.6,15.4,11.3,0.9,6.7,16.1,12.4,2.1,2.2,4.3,0.144,-1.6,2.1,0.6,0.9,15000000.0
186,Brice Sensabaugh,21,UTA,SF,71,15,1432,13.4,0.612,0.621,0.122,3.2,12.6,7.9,12.0,1.5,0.5,14.5,21.5,0.9,0.3,1.2,0.042,0.4,-1.6,-1.2,0.3,2571480.0
187,Goga Bitadze,25,ORL,C,70,42,1430,19.2,0.631,0.083,0.392,12.7,25.0,18.6,14.8,1.7,6.6,15.3,14.3,2.8,3.0,5.8,0.195,-0.3,2.8,2.5,1.6,9057971.0
188,Kel'el Ware,20,MIA,C,64,36,1422,17.4,0.603,0.239,0.144,9.1,27.5,18.4,6.5,1.4,4.8,10.4,17.2,1.7,2.5,4.1,0.14,-0.7,0.6,-0.1,0.7,4231800.0
189,Tari Eason,23,HOU,PF,57,16,1420,18.5,0.567,0.329,0.186,9.4,17.9,13.6,8.5,3.3,3.2,9.7,19.4,2.1,2.9,5.0,0.169,1.0,2.6,3.6,2.0,3695160.0
190,Zach Edey,22,MEM,C,66,55,1416,18.2,0.624,0.12,0.293,17.5,23.4,20.5,6.1,1.2,5.5,15.3,16.4,2.7,2.2,4.9,0.165,-0.2,0.1,-0.1,0.7,5756880.0
191,T.J. McConnell,32,IND,PG,79,1,1415,18.4,0.547,0.079,0.123,3.5,11.6,7.6,37.0,2.8,1.3,14.2,23.4,1.5,1.7,3.2,0.109,0.6,0.6,1.2,1.2,9300000.0
192,Terance Mann,28,2TM,SG,67,13,1414,12.0,0.584,0.395,0.165,5.3,10.4,7.8,11.7,1.6,1.0,9.6,14.7,1.7,1.3,3.0,0.101,-1.4,0.0,-1.3,0.2,11423077.0
193,Ryan Dunn,22,PHO,SF,74,44,1410,10.7,0.517,0.553,0.082,7.5,13.5,10.6,5.7,1.5,2.7,7.5,16.7,0.2,0.7,1.0,0.034,-2.9,-1.2,-4.1,-0.7,2530800.0
194,Sam Merrill,28,CLE,SG,71,4,1401,11.1,0.583,0.868,0.068,3.0,8.9,6.1,9.6,1.8,0.9,7.4,14.3,1.8,1.5,3.3,0.113,-0.4,0.7,0.3,0.8,2164993.0
195,Ayo Dosunmu,25,CHI,SG,46,26,1394,12.8,0.585,0.421,0.176,2.0,10.0,6.1,20.2,1.4,1.1,12.5,16.6,1.6,1.0,2.5,0.087,-1.4,-0.2,-1.6,0.1,7000000.0
196,Ty Jerome,27,CLE,SG,70,3,1392,21.0,0.643,0.409,0.239,4.0,9.3,6.7,24.5,2.7,0.2,11.9,23.6,4.2,1.8,5.9,0.204,3.5,0.8,4.3,2.2,2560975.0
197,Julian Strawther,22,DEN,SG,65,4,1384,9.5,0.559,0.553,0.185,1.4,9.5,5.6,7.6,1.4,1.0,9.8,17.8,0.5,0.8,1.3,0.043,-3.1,-1.4,-4.5,-0.9,2552520.0
198,Nick Smith Jr.,20,CHO,SG,60,27,1369,8.3,0.502,0.539,0.081,1.0,9.1,5.0,16.7,0.6,0.4,12.2,20.8,-0.9,0.3,-0.5,-0.019,-3.2,-2.6,-5.7,-1.3,2587200.0
199,Jaime Jaquez Jr.,23,MIA,SF,66,17,1368,14.3,0.543,0.258,0.307,6.8,16.5,11.7,17.9,2.2,1.0,15.7,20.2,0.5,1.8,2.3,0.081,-1.4,0.5,-0.9,0.4,3685800.0
200,Nicolas Batum,36,LAC,PF,78,8,1367,10.3,0.633,0.853,0.088,4.0,14.0,9.0,7.8,1.9,2.6,12.1,9.0,1.5,2.0,3.5,0.124,-1.2,2.0,0.8,1.0,4668000.0
201,Jose Alvarado,26,NOP,PG,56,23,1366,13.4,0.523,0.593,0.142,2.1,8.9,5.4,27.3,2.6,1.0,13.4,19.8,0.7,0.5,1.2,0.043,-0.6,-0.8,-1.4,0.2,1988598.0
202,Jeremy Sochan,21,SAS,PF,54,23,1364,15.9,0.589,0.194,0.267,10.0,17.7,13.8,13.7,1.6,1.8,13.8,19.0,1.7,1.1,2.7,0.096,-0.8,-0.4,-1.2,0.3,5570040.0
203,Luke Kornet,29,BOS,C,73,16,1361,19.6,0.683,0.011,0.346,15.2,15.8,15.5,11.9,1.3,4.8,8.8,11.4,4.8,2.2,7.0,0.246,1.6,1.7,3.3,1.8,2087519.0
204,Trey Lyles,29,SAC,PF,69,5,1349,12.3,0.551,0.636,0.214,6.6,19.6,13.1,7.9,1.5,1.7,8.7,14.3,1.3,1.2,2.6,0.091,-0.4,-0.3,-0.7,0.4,8000000.0
205,Jake LaRavia,23,2TM,PF,66,0,1349,12.6,0.591,0.421,0.341,7.2,13.3,10.3,14.6,2.2,1.6,18.2,14.4,1.4,1.5,2.9,0.104,-0.8,1.1,0.2,0.8,3352680.0
206,Bogdan Bogdanović,32,2TM,SG,54,4,1348,11.1,0.559,0.587,0.134,2.0,11.2,6.6,15.2,1.5,0.8,12.4,18.7,0.7,1.2,1.9,0.069,-1.8,-0.2,-2.0,0.0,17260000.0
207,Justin Champagnie,23,WAS,SF,62,31,1340,15.7,0.614,0.47,0.178,8.6,18.6,13.6,6.8,2.3,2.6,10.9,15.6,1.6,1.2,2.8,0.1,-0.3,-0.2,-0.5,0.5,1800000.0
208,Paul George,34,PHI,PF,41,41,1334,14.5,0.543,0.47,0.17,2.0,17.2,9.3,20.9,2.8,1.5,14.7,23.5,-0.2,1.2,1.0,0.036,-0.5,0.1,-0.4,0.5,49205800.0
209,Ausar Thompson,22,DET,SF,59,48,1328,17.2,0.568,0.107,0.309,9.3,15.9,12.6,14.4,3.5,2.9,13.3,19.1,1.5,2.4,3.8,0.138,-0.8,2.5,1.7,1.2,8376000.0
210,Donovan Clingan,20,POR,C,67,37,1324,17.4,0.574,0.147,0.311,17.3,26.1,21.6,8.3,1.2,7.5,15.9,14.2,1.8,2.2,4.0,0.144,-1.7,1.4,-0.3,0.6,6836400.0
211,Jordan Hawkins,22,NOP,SG,56,9,1321,9.6,0.504,0.597,0.176,2.0,11.2,6.5,7.3,1.1,1.7,8.8,21.0,-0.7,0.1,-0.5,-0.02,-2.4,-3.0,-5.4,-1.2,4525680.0
212,Tyrese Martin,25,BRK,SG,60,11,1315,10.9,0.533,0.606,0.125,4.8,14.6,9.5,14.6,1.3,0.7,13.1,18.8,0.0,0.9,0.9,0.033,-1.4,-1.2,-2.6,-0.2,635853.0
213,Mason Plumlee,34,PHO,C,74,21,1300,14.8,0.645,0.02,0.634,10.2,28.4,19.5,13.6,1.3,3.4,18.6,10.8,2.4,1.3,3.7,0.136,-1.5,1.0,-0.6,0.5,2087519.0
214,Jonathan Mogbo,23,TOR,PF,63,18,1286,11.9,0.496,0.197,0.23,8.9,17.3,13.0,15.3,2.1,2.5,15.1,15.0,0.3,1.6,1.9,0.071,-2.9,1.0,-1.9,0.0,1862265.0
215,Max Strus,28,CLE,SF,50,37,1273,12.6,0.607,0.786,0.091,4.6,13.6,9.2,15.6,1.0,0.9,12.2,14.7,2.2,1.3,3.4,0.13,1.1,0.2,1.3,1.1,15212068.0
216,Johnny Juzang,23,UTA,SG,64,18,1270,11.8,0.573,0.661,0.112,3.6,12.0,7.8,7.9,1.5,0.6,6.7,17.6,1.3,0.3,1.6,0.06,-0.9,-1.4,-2.3,-0.1,3087519.0
217,Ron Holland,19,DET,SF,81,2,1266,11.1,0.556,0.363,0.293,3.5,15.5,9.5,8.9,1.9,1.3,13.3,18.1,0.2,1.5,1.8,0.067,-3.3,0.3,-3.0,-0.3,8245320.0
218,Javonte Green,31,2TM,SG,68,19,1258,10.7,0.541,0.491,0.265,5.0,13.9,9.4,5.9,2.5,2.4,9.1,11.8,0.7,0.9,1.6,0.063,-2.8,0.5,-2.3,-0.1,2328350.0
219,Nick Richards,27,2TM,C,57,43,1256,16.6,0.634,0.006,0.461,13.1,27.5,20.4,5.9,0.5,4.2,16.3,17.3,1.8,1.2,3.0,0.114,-2.0,-1.3,-3.3,-0.4,5000000.0
220,Dean Wade,28,CLE,PF,59,30,1252,10.1,0.563,0.819,0.111,4.5,16.6,10.8,7.3,1.6,1.4,7.2,10.4,1.3,1.7,3.0,0.113,-1.0,1.2,0.3,0.7,6166667.0
221,Ricky Council IV,23,PHI,SF,73,12,1250,11.6,0.502,0.46,0.33,4.4,15.4,9.7,11.4,1.3,1.0,8.9,20.3,0.1,0.5,0.6,0.023,-2.0,-2.3,-4.3,-0.7,1891857.0
222,Tidjane Salaün,19,CHO,PF,60,10,1244,7.7,0.457,0.594,0.272,5.9,18.4,12.0,8.5,1.1,1.1,13.1,15.2,-0.9,0.9,0.0,0.002,-4.3,-0.8,-5.2,-1.0,7488720.0
223,Bobby Portis,29,MIL,PF,49,7,1244,17.7,0.542,0.299,0.123,8.2,27.0,18.0,12.9,1.4,1.9,8.3,24.1,0.9,1.9,2.7,0.106,0.6,-0.4,0.2,0.7,12578286.0
224,Moussa Diabaté,23,CHO,C,71,8,1241,16.5,0.609,0.021,0.414,15.7,22.0,18.8,6.8,1.8,3.2,15.6,13.4,1.8,1.5,3.2,0.125,-1.4,-0.4,-1.9,0.0,957763.0
225,Jeremiah Robinson-Earl,24,NOP,PF,66,9,1239,12.9,0.563,0.473,0.159,9.3,18.4,13.7,9.9,1.5,0.5,12.1,14.4,1.3,0.5,1.7,0.067,-0.9,-1.6,-2.5,-0.2,2196970.0
226,Simone Fontecchio,29,DET,SF,75,0,1237,9.7,0.544,0.609,0.225,4.7,14.5,9.6,6.9,1.2,0.9,11.6,15.8,0.4,1.2,1.6,0.063,-2.2,-0.7,-2.9,-0.3,7692308.0
227,Cole Anthony,24,ORL,PG,67,22,1234,14.2,0.531,0.401,0.208,4.1,15.5,9.5,25.5,1.8,2.5,14.8,24.6,0.0,2.0,2.0,0.078,-0.8,0.9,0.1,0.7,12900000.0
228,Ben Sheppard,23,IND,SG,63,9,1228,9.2,0.555,0.693,0.094,4.0,12.0,8.0,8.6,1.5,1.0,6.9,11.3,1.0,1.0,2.1,0.081,-2.2,0.2,-2.0,0.0,2663880.0
229,Daniel Gafford,26,DAL,C,57,31,1226,24.7,0.716,0.0,0.486,14.1,20.3,17.2,10.2,0.9,7.1,11.9,19.5,4.4,1.5,5.9,0.232,2.7,1.1,3.8,1.8,13394160.0
230,John Collins,27,UTA,PF,40,31,1220,19.0,0.628,0.279,0.309,7.9,20.9,14.4,10.8,1.5,3.1,14.6,24.2,1.7,0.8,2.5,0.098,1.4,-0.4,1.0,0.9,26580000.0
231,Caleb Martin,29,2TM,SF,45,24,1218,9.6,0.513,0.339,0.322,4.8,11.7,8.2,10.7,1.9,1.8,13.9,14.4,0.0,0.7,0.6,0.025,-2.9,-0.2,-3.2,-0.4,9186594.0
232,Kristaps Porziņģis,29,BOS,C,42,42,1210,22.3,0.618,0.436,0.347,6.1,19.3,12.8,11.4,1.3,4.8,7.4,25.9,3.3,2.0,5.3,0.212,3.5,1.2,4.7,2.1,29268293.0
233,Brandon Clarke,28,MEM,PF,64,18,1207,17.6,0.638,0.045,0.229,11.3,17.3,14.3,7.4,2.0,2.7,8.9,15.3,2.7,1.7,4.4,0.174,0.0,0.8,0.8,0.9,12500000.0
234,Deandre Ayton,26,POR,C,40,40,1206,17.7,0.583,0.068,0.128,10.9,26.0,18.2,8.5,1.2,2.9,12.2,19.4,1.2,1.6,2.8,0.113,-0.3,-0.4,-0.7,0.4,34005126.0
235,Jarace Walker,21,IND,PF,75,5,1187,11.9,0.59,0.514,0.192,2.4,19.0,10.8,12.2,2.2,1.9,16.7,17.1,0.1,1.5,1.6,0.065,-1.8,0.8,-0.9,0.3,6362520.0
236,Clint Capela,30,ATL,C,55,41,1176,17.7,0.564,0.003,0.249,15.8,28.2,21.8,7.4,1.4,4.1,9.8,16.7,1.7,1.5,3.2,0.131,-0.6,-0.4,-1.0,0.3,22265280.0
237,Cody Martin,29,2TM,SF,53,8,1173,11.3,0.509,0.465,0.188,4.8,15.9,10.3,13.0,2.4,2.7,12.7,14.7,0.1,1.2,1.3,0.054,-2.8,1.1,-1.7,0.1,8120000.0
238,Mark Williams,23,CHO,C,44,41,1171,23.9,0.647,0.009,0.365,11.8,29.3,20.3,16.5,1.3,4.5,12.0,21.4,3.1,1.6,4.7,0.195,2.5,0.9,3.5,1.6,4094280.0
239,Precious Achiuwa,25,NYK,C,57,10,1170,13.6,0.53,0.11,0.211,10.0,21.0,15.5,6.2,2.0,3.3,11.2,14.9,0.7,1.7,2.3,0.095,-2.1,0.2,-1.9,0.0,6000000.0
240,Nikola Jović,21,MIA,PF,46,10,1156,13.8,0.595,0.557,0.231,2.5,14.6,8.6,16.6,1.6,1.1,12.6,18.3,1.2,1.3,2.5,0.104,-0.3,0.6,0.3,0.7,2464200.0
241,Justin Edwards,21,PHI,SF,44,26,1155,11.3,0.559,0.503,0.122,4.3,10.4,7.3,8.9,1.9,1.4,11.0,16.9,0.4,0.5,0.9,0.039,-2.1,-1.6,-3.7,-0.5,425619.0
242,Vit Krejci,24,ATL,PG,57,16,1153,12.7,0.661,0.705,0.154,2.0,13.1,7.4,16.5,1.5,2.1,13.8,12.9,1.8,0.8,2.6,0.11,0.0,0.7,0.7,0.8,2162606.0
243,Jonathan Kuminga,22,GSW,PF,47,10,1144,15.7,0.535,0.266,0.414,5.1,15.6,10.2,14.6,1.6,1.7,9.6,27.4,0.5,1.5,1.9,0.08,-0.5,-0.1,-0.6,0.4,7636307.0
244,Kevon Looney,28,GSW,C,76,6,1142,17.0,0.535,0.018,0.356,16.9,26.9,21.8,14.3,2.0,3.1,10.8,13.3,2.2,2.1,4.3,0.182,-1.0,1.3,0.3,0.7,8000000.0
245,Kenrich Williams,30,OKC,PF,69,7,1132,13.7,0.587,0.483,0.11,6.3,16.3,11.4,11.0,1.8,0.9,9.5,15.4,1.6,1.9,3.6,0.151,-0.4,0.9,0.6,0.7,6669000.0
246,Julian Phillips,21,CHI,SF,79,5,1123,10.2,0.571,0.533,0.265,6.4,9.4,7.9,4.4,1.6,1.5,7.8,12.9,1.0,0.8,1.9,0.08,-2.6,-0.4,-3.0,-0.3,1891857.0
247,Aaron Nesmith,25,IND,SF,45,37,1123,14.6,0.653,0.515,0.211,3.7,13.9,8.8,6.6,1.5,1.4,8.2,17.4,1.9,1.0,2.9,0.126,0.0,-0.5,-0.5,0.4,11000000.0
248,Dalano Banton,25,POR,PG,67,7,1120,12.9,0.497,0.438,0.247,2.8,10.4,6.5,21.5,1.9,2.8,13.3,24.1,-0.3,1.1,0.8,0.033,-0.6,-0.2,-0.8,0.3,2196970.0
249,Ben Simmons,28,2TM,PG,51,24,1120,12.4,0.539,0.0,0.148,4.6,20.3,12.2,37.0,1.7,2.0,30.0,13.2,0.5,1.3,1.8,0.078,-2.3,1.8,-0.5,0.4,40011909.0
250,Ja'Kobe Walter,20,TOR,SG,52,18,1103,10.8,0.523,0.473,0.211,5.6,10.1,7.8,10.2,1.9,0.9,10.4,18.2,0.3,0.9,1.2,0.052,-2.3,-0.6,-3.0,-0.3,3465000.0
251,Jaxson Hayes,24,LAL,C,56,35,1093,15.8,0.72,0.013,0.439,8.3,19.1,13.9,7.5,1.4,4.4,13.9,12.4,2.3,1.4,3.7,0.162,-1.6,1.3,-0.3,0.5,2463946.0
252,Cameron Payne,30,NYK,PG,72,5,1090,13.8,0.532,0.574,0.121,1.5,9.4,5.5,25.5,1.8,1.4,10.0,20.8,1.3,1.0,2.3,0.099,-0.1,-0.2,-0.2,0.5,2087519.0
253,Jonathan Isaac,27,ORL,PF,71,1,1090,16.6,0.512,0.466,0.33,12.0,21.5,16.5,5.5,2.8,7.0,8.2,16.2,0.8,2.5,3.4,0.148,-1.1,1.8,0.7,0.7,25000000.0
254,DaQuan Jeffries,27,CHO,SG,47,20,1071,7.9,0.518,0.564,0.103,3.6,10.0,6.7,7.2,1.2,2.3,10.3,13.5,0.0,0.6,0.6,0.027,-4.0,-0.7,-4.7,-0.7,2425404.0
255,Jusuf Nurkić,30,2TM,C,51,32,1063,15.2,0.555,0.298,0.364,8.8,32.0,20.5,16.8,1.9,3.1,19.2,20.6,0.0,1.5,1.5,0.066,-2.2,0.9,-1.3,0.2,18125000.0
256,Seth Curry,34,CHO,SG,68,14,1062,12.2,0.616,0.531,0.114,2.4,9.1,5.7,8.8,1.3,0.6,8.2,15.7,1.3,0.5,1.8,0.08,-0.8,-0.9,-1.7,0.1,2087519.0
257,Cody Williams,20,UTA,SG,50,21,1060,3.7,0.419,0.525,0.156,2.8,8.7,5.7,7.4,1.0,1.4,13.8,12.5,-1.2,0.1,-1.2,-0.053,-6.1,-1.2,-7.3,-1.4,5469120.0
258,Isaac Okoro,24,CLE,SG,55,22,1053,10.7,0.587,0.566,0.172,5.2,8.1,6.7,8.0,1.5,1.4,7.4,12.5,1.5,1.0,2.5,0.115,-1.1,0.6,-0.5,0.4,10185186.0
259,Oso Ighodaro,22,PHO,PF,61,6,1045,11.1,0.61,0.011,0.267,7.2,16.2,11.9,9.1,1.3,2.6,15.7,10.5,1.1,0.6,1.6,0.075,-2.9,0.3,-2.6,-0.2,1157153.0
260,Jared Butler,24,2TM,SG,60,17,1044,15.6,0.549,0.373,0.201,2.5,9.3,5.8,33.8,2.0,1.2,14.0,23.6,1.0,0.4,1.4,0.063,0.5,-1.5,-1.0,0.3,745726.0
261,Jamison Battle,23,TOR,SF,59,10,1042,10.7,0.59,0.746,0.052,3.7,12.8,8.1,7.1,0.8,0.9,7.1,15.3,1.0,0.7,1.7,0.079,-0.9,-1.3,-2.3,-0.1,1000000.0
262,Noah Clowney,20,BRK,PF,46,20,1042,9.2,0.516,0.702,0.215,4.5,15.8,9.9,5.9,1.1,2.0,10.2,19.0,-0.3,0.8,0.5,0.023,-3.1,-1.0,-4.1,-0.5,3244080.0
263,Alex Caruso,30,OKC,SG,54,3,1041,15.9,0.568,0.541,0.162,4.0,12.2,8.2,16.6,4.0,2.9,9.9,15.2,1.6,2.3,3.9,0.18,0.1,3.9,4.0,1.6,9890000.0
264,Kris Murray,24,POR,SF,69,6,1040,9.1,0.472,0.43,0.204,7.7,11.3,9.5,9.0,1.6,1.5,12.4,13.9,-0.2,0.9,0.7,0.033,-3.1,0.1,-3.0,-0.3,2990040.0
265,Kyle Anderson,31,2TM,PF,61,4,1002,15.1,0.538,0.231,0.215,5.7,16.8,11.2,20.7,2.0,3.1,10.0,15.9,1.3,1.5,2.8,0.135,-0.6,2.2,1.5,0.9,8780488.0
266,Brandon Boston Jr.,23,NOP,SG,42,10,993,12.7,0.535,0.367,0.223,3.0,11.9,7.3,13.7,2.6,0.9,11.1,20.0,0.2,0.5,0.7,0.033,-2.3,-0.2,-2.5,-0.1,596581.0
267,Dalen Terry,22,CHI,SG,73,5,987,9.6,0.546,0.388,0.257,4.1,9.0,6.6,12.7,2.1,1.3,15.1,14.9,0.2,0.8,1.1,0.052,-4.0,0.2,-3.8,-0.5,3510480.0
268,Andre Jackson Jr.,23,MIL,SG,67,43,980,8.6,0.554,0.386,0.122,7.5,12.5,10.1,10.9,1.7,1.3,21.8,11.9,0.1,1.0,1.2,0.059,-3.6,0.2,-3.4,-0.3,1891857.0
269,Zach Collins,27,2TM,PF,64,12,977,16.0,0.605,0.351,0.258,11.1,19.9,15.6,15.6,1.4,2.6,15.1,17.1,1.7,1.0,2.7,0.132,-0.8,0.8,0.0,0.5,16741200.0
270,Trayce Jackson-Davis,24,GSW,C,62,37,967,18.5,0.587,0.01,0.338,13.2,21.7,17.3,16.1,1.2,3.7,11.5,17.1,1.9,1.4,3.4,0.167,0.3,0.9,1.2,0.8,1891857.0
271,Thomas Bryant,27,2TM,C,66,8,963,17.2,0.614,0.461,0.199,9.7,19.2,14.5,7.6,1.4,3.9,7.9,17.1,1.8,1.2,3.1,0.152,0.7,0.0,0.6,0.6,2087519.0
272,Jalen Smith,24,CHI,C,64,2,962,18.7,0.586,0.544,0.218,9.9,28.7,19.5,9.7,0.8,4.0,7.6,21.0,1.7,1.3,2.9,0.146,1.5,-0.6,0.9,0.7,8571429.0
273,Gary Payton II,32,GSW,SG,62,11,927,16.2,0.635,0.319,0.128,6.0,15.8,10.7,13.5,2.7,1.7,11.0,16.1,1.5,1.5,3.0,0.155,-0.5,2.0,1.4,0.8,9130000.0
274,Bruce Brown,28,2TM,PG,41,12,922,10.9,0.504,0.262,0.21,4.5,14.9,9.6,12.8,1.8,1.0,10.4,17.2,0.1,0.6,0.7,0.035,-3.2,-0.6,-3.8,-0.4,23000000.0
275,Trendon Watford,24,BRK,PF,44,6,913,13.0,0.557,0.251,0.349,4.4,16.0,9.9,21.0,1.5,1.3,17.1,23.3,0.0,0.8,0.7,0.038,-2.3,-0.8,-3.1,-0.3,2726603.0
276,KJ Martin,24,2TM,PF,43,16,912,10.2,0.618,0.289,0.234,3.6,11.8,7.6,7.4,0.9,2.3,9.8,11.5,1.1,0.2,1.3,0.068,-3.2,-0.3,-3.6,-0.4,7975000.0
277,Jaden Hardy,22,DAL,SG,57,3,907,10.4,0.549,0.476,0.208,1.1,9.4,5.3,13.2,1.5,0.5,15.4,25.3,-0.8,0.5,-0.3,-0.016,-2.8,-1.9,-4.7,-0.6,2019699.0
278,Day'Ron Sharpe,23,BRK,C,50,2,907,19.7,0.568,0.142,0.233,17.8,23.8,20.7,16.8,2.3,4.6,15.3,19.9,1.3,1.4,2.7,0.141,0.0,0.9,0.9,0.7,3989122.0
279,Adem Bona,21,PHI,C,58,11,905,16.5,0.714,0.005,0.521,11.1,19.9,15.3,4.4,1.4,7.5,20.5,14.3,1.4,0.9,2.3,0.121,-2.9,0.2,-2.7,-0.2,1157153.0
280,Tre Jones,25,2TM,PG,46,9,905,16.3,0.617,0.202,0.282,3.7,9.9,6.8,28.6,1.9,1.0,11.6,14.1,2.3,0.6,2.9,0.155,0.5,1.0,1.5,0.8,9104167.0
281,Kelly Olynyk,33,2TM,C,44,22,891,14.9,0.609,0.295,0.403,7.3,17.9,12.4,20.5,1.8,2.0,19.4,18.5,1.0,0.7,1.7,0.092,-1.1,0.4,-0.7,0.3,12804878.0
282,Neemias Queta,25,BOS,C,62,6,863,16.3,0.674,0.015,0.3,11.2,18.5,14.9,7.4,1.0,4.5,14.8,13.7,1.8,1.4,3.2,0.179,-1.7,1.0,-0.7,0.3,2162606.0
283,Alec Burks,33,MIA,SG,49,14,863,12.8,0.608,0.764,0.181,1.9,13.8,7.9,9.1,1.6,0.8,9.0,16.5,0.9,0.9,1.8,0.1,0.0,0.3,0.3,0.5,2087519.0
284,Chris Boucher,32,TOR,PF,50,0,862,18.7,0.615,0.522,0.235,8.5,19.6,13.9,5.9,1.3,2.8,6.6,21.2,1.7,1.0,2.7,0.148,2.9,-0.6,2.3,0.9,10810000.0
285,Shake Milton,28,2TM,SG,57,2,837,11.9,0.563,0.417,0.232,4.2,9.9,7.0,18.3,1.5,0.5,12.5,16.7,0.8,0.5,1.3,0.077,-1.7,-0.5,-2.2,0.0,2875000.0
286,Garrison Mathews,28,ATL,SG,47,2,830,11.2,0.606,0.848,0.304,1.7,10.0,5.7,9.3,1.5,1.7,9.6,15.9,1.0,0.5,1.5,0.087,-1.1,-0.5,-1.6,0.1,2230253.0
287,Cam Whitmore,20,HOU,SF,51,3,827,15.5,0.549,0.454,0.179,4.5,15.1,9.7,8.9,1.8,1.4,9.6,23.9,0.6,1.2,1.8,0.106,0.7,-0.4,0.3,0.5,3379080.0
288,Ryan Rollins,22,MIL,PG,56,19,820,14.0,0.6,0.443,0.166,2.9,11.1,7.2,17.8,2.5,1.9,15.4,18.4,0.7,1.0,1.7,0.101,-1.4,0.9,-0.5,0.3,1091887.0
289,Marcus Sasser,24,DET,PG,57,1,811,14.0,0.589,0.514,0.172,2.5,6.9,4.7,22.9,2.2,0.5,14.5,19.4,1.0,0.8,1.8,0.108,-0.4,-0.2,-0.6,0.3,2755080.0
290,Steven Adams,31,HOU,C,58,3,794,16.6,0.541,0.012,0.557,21.8,22.0,21.9,10.9,1.3,3.2,20.6,13.6,1.0,1.3,2.3,0.137,0.0,0.3,0.3,0.5,12600000.0
291,Aaron Holiday,28,HOU,PG,62,3,792,12.2,0.594,0.675,0.153,1.7,8.9,5.2,14.3,1.2,1.2,11.5,16.8,1.2,0.8,2.0,0.122,-0.4,0.1,-0.2,0.3,4668000.0
292,Karlo Matković,23,NOP,PF,42,7,791,15.6,0.639,0.281,0.187,8.5,20.4,14.2,8.6,1.3,5.0,14.5,15.9,1.0,0.6,1.6,0.096,-1.9,-0.2,-2.0,0.0,1407153.0
293,Caleb Houstan,22,ORL,SF,58,6,788,9.4,0.605,0.842,0.089,2.6,8.6,5.5,6.4,1.4,0.7,6.2,11.7,0.9,0.9,1.8,0.109,-2.4,0.2,-2.2,0.0,2019699.0
294,Vasilije Micić,31,2TM,PG,41,16,785,6.5,0.462,0.458,0.15,2.7,9.6,6.0,24.3,0.9,0.0,20.9,19.9,-1.2,0.2,-1.0,-0.06,-4.6,-2.4,-7.0,-1.0,7723000.0
295,Jaylin Williams,22,OKC,PF,47,9,784,16.4,0.594,0.692,0.136,6.7,28.7,17.9,19.0,1.3,3.7,13.0,14.6,1.5,1.7,3.3,0.199,1.5,2.7,4.3,1.2,2019699.0
296,Pelle Larsson,23,MIA,SG,55,8,782,10.2,0.546,0.468,0.3,4.0,9.0,6.5,11.6,2.0,0.9,9.5,14.4,0.6,0.8,1.4,0.086,-3.8,0.7,-3.1,-0.2,1157153.0
297,Lindy Waters III,27,2TM,SG,52,9,778,8.8,0.504,0.747,0.044,2.7,12.8,7.6,9.1,1.7,1.3,7.3,14.8,0.1,0.9,1.0,0.062,-3.0,0.2,-2.8,-0.2,2196970.0
298,Orlando Robinson,24,2TM,C,44,8,770,12.9,0.519,0.199,0.268,12.1,18.7,15.4,14.0,1.1,2.0,14.4,18.5,0.4,0.8,1.2,0.072,-3.0,-0.4,-3.4,-0.3,1691610.0
299,Gui Santos,22,GSW,PF,56,2,762,11.7,0.575,0.575,0.235,9.9,14.5,12.1,14.2,1.6,1.2,17.5,13.2,0.8,0.9,1.7,0.11,-2.2,0.5,-1.7,0.1,1891857.0
300,Landry Shamet,27,NYK,SG,50,0,762,9.7,0.601,0.678,0.078,1.7,7.5,4.6,4.7,1.5,0.2,8.5,14.8,0.5,0.5,1.0,0.065,-1.9,-0.6,-2.4,-0.1,1343690.0
301,Andre Drummond,31,PHI,C,40,23,751,16.0,0.535,0.085,0.385,15.8,31.6,23.4,6.8,2.6,2.4,16.7,19.1,0.2,1.0,1.2,0.078,-2.4,-0.8,-3.2,-0.2,5000000.0
302,Jabari Walker,22,POR,SF,60,1,749,15.0,0.601,0.314,0.31,8.3,22.6,15.3,7.2,2.1,0.7,11.6,16.3,1.0,1.0,2.0,0.128,-1.2,0.5,-0.8,0.2,2019699.0
303,Jay Huff,26,MEM,C,64,2,748,18.2,0.666,0.656,0.184,4.3,13.9,9.1,7.0,1.0,6.9,9.3,19.6,1.6,1.0,2.5,0.162,2.5,1.0,3.5,1.1,2088033.0
304,Drew Eubanks,27,2TM,C,61,4,746,15.6,0.622,0.031,0.366,8.9,24.1,16.5,10.6,0.8,5.0,15.4,15.1,1.0,0.7,1.7,0.107,-1.2,0.6,-0.7,0.3,5000000.0
305,Talen Horton-Tucker,24,CHI,SG,58,0,724,13.8,0.567,0.419,0.337,2.8,11.5,7.2,16.1,1.4,1.3,10.7,21.6,0.6,0.5,1.1,0.075,-1.4,-1.1,-2.4,-0.1,2087519.0
306,Gary Harris,30,ORL,SG,48,3,711,6.9,0.524,0.759,0.09,3.1,7.5,5.2,5.8,1.8,1.6,10.9,9.5,0.1,0.9,1.0,0.067,-3.9,1.2,-2.7,-0.1,7500000.0
307,Jett Howard,21,ORL,SF,60,0,701,7.1,0.491,0.71,0.088,3.1,8.6,5.7,9.6,0.9,1.5,11.7,19.2,-0.6,0.8,0.1,0.01,-4.1,-1.2,-5.3,-0.6,5278320.0
308,DeAndre Jordan,36,DEN,C,56,5,691,15.4,0.621,0.0,0.457,14.0,30.3,22.6,9.5,1.1,3.5,19.2,12.8,0.9,0.9,1.8,0.127,-1.4,0.2,-1.2,0.2,2087519.0
309,Quinten Post,24,GSW,PF,42,14,686,14.2,0.595,0.653,0.099,5.3,18.3,11.6,12.2,1.1,2.5,10.3,19.6,0.8,0.9,1.7,0.116,0.1,0.0,0.1,0.4,438920.0
310,Blake Wesley,21,SAS,SG,58,0,683,9.9,0.51,0.312,0.328,2.7,6.9,4.8,22.3,2.6,0.8,20.2,16.7,-0.3,0.4,0.2,0.011,-3.9,-0.3,-4.2,-0.4,2624280.0
311,Sandro Mamukelashvili,25,SAS,PF,61,0,681,19.7,0.628,0.573,0.206,9.7,19.7,14.7,10.7,1.6,2.3,7.8,20.8,1.6,0.6,2.2,0.152,3.3,-1.0,2.3,0.7,2087519.0
312,Jalen Pickett,25,DEN,SG,49,4,666,10.9,0.545,0.561,0.044,2.6,8.8,5.9,19.5,1.4,0.7,11.6,13.2,0.8,0.3,1.1,0.078,-0.8,-0.7,-1.5,0.1,1891857.0
313,Antonio Reeves,24,NOP,SG,44,6,660,11.7,0.579,0.52,0.141,2.9,7.6,5.1,8.8,1.5,0.6,10.2,18.8,0.4,0.0,0.4,0.029,-1.2,-2.0,-3.2,-0.2,1157153.0
314,Reed Sheppard,20,HOU,PG,52,3,654,9.7,0.465,0.594,0.067,2.6,10.3,6.4,15.2,2.6,2.3,13.1,17.8,-0.3,1.0,0.8,0.055,-3.0,1.3,-1.7,0.1,10098960.0
315,Delon Wright,32,2TM,PG,40,7,635,9.2,0.44,0.557,0.191,4.9,6.5,5.7,15.0,2.7,1.8,13.4,11.3,0.0,0.7,0.7,0.053,-2.8,1.4,-1.4,0.1,2087519.0
316,Jericho Sims,26,2TM,C,53,5,632,10.0,0.639,0.0,0.183,12.9,22.0,17.6,6.4,0.8,2.8,30.1,7.6,0.5,0.7,1.3,0.096,-3.1,0.1,-3.0,-0.2,2092344.0
317,Josh Okogie,26,2TM,SG,40,7,625,16.3,0.567,0.434,0.401,8.0,11.8,9.9,7.9,3.8,2.8,11.1,19.5,0.6,0.7,1.3,0.1,-0.1,1.6,1.5,0.6,8250000.0
320,Zeke Nnaji,24,DEN,PF,57,4,608,12.0,0.574,0.369,0.312,6.3,9.8,8.1,4.6,2.0,5.6,8.0,12.2,0.6,0.6,1.2,0.097,-2.1,0.7,-1.3,0.1,8888889.0
322,Pat Connaughton,32,MIL,SG,41,1,603,12.1,0.567,0.458,0.175,3.6,15.6,9.8,15.8,0.7,1.7,11.2,15.6,0.6,0.6,1.2,0.093,-1.4,-0.8,-2.3,0.0,9423869.0
323,Jae'Sean Tate,29,HOU,SF,52,2,588,12.3,0.557,0.311,0.318,8.9,12.4,10.6,10.5,2.2,1.1,11.5,13.3,0.8,0.8,1.6,0.133,-2.1,1.4,-0.7,0.2,7565217.0
324,Olivier-Maxence Prosper,22,DAL,PF,52,4,584,12.6,0.484,0.293,0.437,8.4,15.0,11.8,9.1,2.2,0.9,6.3,16.3,0.3,0.5,0.9,0.072,-1.6,-0.5,-2.1,0.0,2870400.0
325,Monte Morris,29,PHO,PG,45,0,571,13.1,0.546,0.441,0.215,2.4,10.5,6.5,18.1,1.7,0.5,9.0,18.1,0.6,0.2,0.8,0.064,-1.0,-0.8,-1.8,0.0,2087519.0
326,John Konchar,28,MEM,SG,46,4,558,12.1,0.592,0.681,0.088,7.1,21.4,14.3,8.8,2.5,2.3,14.5,8.0,0.6,0.9,1.5,0.131,-0.7,2.3,1.7,0.5,6165000.0
327,Dwight Powell,33,DAL,C,55,3,551,12.9,0.713,0.082,0.705,9.5,13.7,11.7,12.5,1.6,3.3,18.4,7.6,1.2,0.5,1.7,0.147,-1.5,1.5,0.0,0.3,4000000.0
328,Dillon Jones,23,OKC,SF,54,3,551,8.1,0.464,0.474,0.211,6.0,17.3,11.8,12.6,1.4,0.7,16.2,13.3,-0.1,0.9,0.8,0.067,-4.3,0.3,-4.0,-0.3,2622360.0
329,Jaylen Clark,23,MIN,SG,40,4,522,12.0,0.598,0.425,0.308,5.6,5.6,5.6,6.7,3.4,0.4,5.5,12.0,0.9,0.7,1.6,0.147,-2.9,2.7,-0.2,0.2,492323.0
330,Rob Dillingham,20,MIN,PG,49,1,516,10.2,0.503,0.351,0.071,2.6,8.0,5.4,28.4,1.9,0.2,19.6,22.7,-0.4,0.6,0.1,0.012,-3.3,-0.9,-4.2,-0.3,6262920.0
331,Craig Porter Jr.,24,CLE,PG,51,1,513,13.1,0.61,0.343,0.229,4.1,9.9,7.1,17.7,1.6,2.6,19.8,15.9,0.5,0.6,1.1,0.102,0.1,1.0,1.1,0.4,1891857.0
332,Jock Landale,29,HOU,C,42,3,500,16.0,0.59,0.171,0.263,11.7,17.6,14.6,10.3,1.3,1.8,11.0,15.7,1.0,0.7,1.7,0.159,0.0,0.4,0.4,0.3,8000000.0
333,Duop Reath,28,POR,C,46,0,469,13.7,0.552,0.639,0.133,9.9,11.4,10.6,8.0,1.2,2.7,8.3,17.0,0.6,0.4,1.0,0.105,0.2,-0.5,-0.3,0.2,2048780.0
335,Rayan Rupert,20,POR,SG,52,0,460,8.1,0.499,0.415,0.211,6.0,10.6,8.2,7.6,1.7,0.8,16.2,16.8,-0.3,0.4,0.1,0.007,-4.1,-0.6,-4.7,-0.3,1891857.0
336,Jaylon Tyson,22,CLE,SG,47,3,453,11.1,0.523,0.389,0.161,9.1,13.7,11.5,12.4,1.4,0.6,14.0,17.4,0.3,0.5,0.8,0.083,-2.4,-0.2,-2.7,-0.1,3326160.0
337,Paul Reed,25,DET,C,45,0,438,18.6,0.573,0.197,0.296,10.2,20.8,15.6,14.0,4.3,5.4,13.9,18.0,0.6,1.0,1.6,0.173,-1.2,4.0,2.9,0.5,3913234.0
338,Malaki Branham,21,SAS,SG,47,0,427,12.0,0.575,0.442,0.174,1.8,11.1,6.4,13.4,1.2,0.4,14.3,23.8,-0.1,0.2,0.1,0.007,-1.2,-1.9,-3.2,-0.1,3217920.0
339,Jordan Walsh,20,BOS,PF,52,1,403,6.9,0.464,0.663,0.145,6.2,12.4,9.3,6.0,1.5,2.5,16.1,11.5,-0.2,0.5,0.4,0.044,-4.4,0.5,-3.9,-0.2,1891857.0
340,Hunter Tyson,24,DEN,PF,51,2,400,9.0,0.506,0.617,0.233,7.2,13.9,10.7,6.1,1.2,1.3,9.6,15.5,0.1,0.3,0.4,0.047,-3.3,-1.5,-4.8,-0.3,1891857.0
341,Anthony Gill,32,WAS,PF,51,0,397,10.2,0.586,0.352,0.568,4.7,12.6,8.6,5.7,1.1,0.5,8.3,12.7,0.4,0.1,0.5,0.058,-3.0,-1.5,-4.5,-0.3,2237691.0
342,Alex Len,31,2TM,C,46,7,380,10.6,0.525,0.143,0.27,11.3,16.7,14.0,12.6,1.2,5.4,22.1,10.3,0.2,0.4,0.7,0.083,-3.9,1.2,-2.6,-0.1,2831348.0
343,Johnny Furphy,20,IND,SG,50,0,379,9.8,0.506,0.543,0.239,6.8,14.0,10.4,6.2,2.3,2.6,10.6,13.0,0.1,0.5,0.5,0.07,-3.0,0.6,-2.5,0.0,1850842.0
344,Jaden Springer,22,2TM,SG,43,2,365,10.7,0.511,0.533,0.422,5.1,12.1,8.6,12.1,3.2,1.0,13.0,14.3,0.1,0.4,0.5,0.07,-4.3,1.6,-2.7,-0.1,4772772.0
345,Doug McDermott,33,SAC,SF,42,3,342,9.5,0.617,0.863,0.043,1.0,6.2,3.6,2.8,0.6,0.6,4.8,15.7,0.4,0.1,0.4,0.061,-0.8,-2.4,-3.2,-0.1,2087519.0
346,Tristan Thompson,33,CLE,C,40,0,328,9.1,0.41,0.042,0.423,10.9,32.7,22.1,8.8,0.3,3.0,14.3,12.7,-0.2,0.5,0.4,0.057,-4.9,0.3,-4.6,-0.2,2087519.0
347,Jordan McLaughlin,28,2TM,PG,46,0,314,12.3,0.6,0.639,0.306,2.1,8.5,5.3,21.0,2.5,0.3,16.4,13.3,0.4,0.2,0.6,0.098,-1.6,0.0,-1.6,0.0,2087519.0
348,Isaac Jones,24,SAC,PF,40,0,304,15.2,0.678,0.096,0.434,8.1,12.9,10.5,5.6,0.8,3.2,13.9,16.3,0.5,0.2,0.7,0.115,-0.9,-0.8,-1.7,0.0,152957.0
349,Tyler Kolek,23,NYK,PG,41,0,296,10.3,0.453,0.573,0.207,3.1,7.3,5.2,29.5,2.0,1.3,16.7,15.8,0.1,0.3,0.4,0.058,-2.6,-0.3,-2.8,-0.1,2087519.0
350,Josh Minott,22,MIN,SF,46,0,276,15.5,0.605,0.478,0.211,4.9,13.8,9.4,9.5,2.7,4.0,10.1,17.2,0.4,0.5,0.9,0.153,-0.7,2.9,2.2,0.3,2019699.0
351,Kobe Brown,25,LAC,PF,40,0,272,10.8,0.513,0.361,0.097,8.0,18.9,13.5,11.9,1.3,1.5,13.8,14.0,0.1,0.4,0.5,0.085,-2.5,0.4,-2.1,0.0,2533920.0
