,Player,Age,Team,Pos,G,GS,MP,FG%,2P%,3P%,eFG%,FT%,TS%,FTr,3PAr,FG+,2P+,3P+,eFG+,FT+,TS+,FTr+,3PAr+,FG Add,TS Add,YearSalary
0,Mikal Bridges,28,NYK,SF,82,82,3036,0.5,0.594,0.354,0.57,0.814,0.585,0.1,0.391,107.0,109.0,98.0,105.0,104.0,101.0,41.0,93.0,63.1,20.9,23300000.0
1,Josh Hart,29,NYK,SG,77,77,2897,0.525,0.618,0.333,0.579,0.776,0.611,0.266,0.327,112.0,113.0,93.0,107.0,99.0,106.0,110.0,78.0,55.7,59.7,18144000.0
2,Anthony Edwards,23,MIN,SG,79,79,2871,0.447,0.501,0.395,0.547,0.837,0.595,0.308,0.503,96.0,92.0,110.0,101.0,107.0,103.0,127.0,119.0,11.2,67.9,42176400.0
3,Devin Booker,28,PHO,SG,75,75,2795,0.461,0.542,0.332,0.525,0.894,0.589,0.34,0.388,99.0,99.0,92.0,97.0,115.0,102.0,140.0,92.0,-51.3,41.7,49205800.0
4,James Harden,35,LAC,PG,79,79,2789,0.41,0.472,0.352,0.501,0.874,0.582,0.446,0.516,88.0,87.0,98.0,92.0,112.0,101.0,184.0,122.0,-109.5,16.6,33653846.0
5,DeMar DeRozan,35,SAC,SF,77,77,2768,0.477,0.513,0.328,0.509,0.857,0.569,0.337,0.196,102.0,94.0,91.0,94.0,110.0,99.0,139.0,46.0,-88.7,-20.9,23400000.0
6,Trae Young,26,ATL,PG,76,76,2739,0.411,0.474,0.34,0.491,0.875,0.567,0.408,0.467,88.0,87.0,94.0,90.0,112.0,98.0,168.0,111.0,-144.5,-29.1,43031940.0
7,Tyler Herro,25,MIA,SG,77,77,2725,0.472,0.565,0.375,0.563,0.878,0.605,0.237,0.486,101.0,104.0,104.0,104.0,113.0,105.0,98.0,115.0,56.3,86.2,29000000.0
8,OG Anunoby,27,NYK,PF,74,74,2706,0.476,0.561,0.372,0.559,0.81,0.591,0.22,0.448,102.0,103.0,103.0,103.0,104.0,103.0,91.0,106.0,33.5,33.9,36637932.0
9,Jalen Green,22,HOU,SG,82,82,2697,0.423,0.482,0.354,0.505,0.813,0.544,0.234,0.46,91.0,88.0,98.0,93.0,104.0,94.0,96.0,109.0,-110.8,-103.3,12483048.0
10,Christian Braun,23,DEN,SG,79,77,2675,0.58,0.648,0.397,0.634,0.827,0.665,0.261,0.273,124.0,119.0,110.0,117.0,106.0,115.0,107.0,65.0,149.3,163.4,3089640.0
11,Bam Adebayo,27,MIA,C,78,78,2674,0.485,0.517,0.357,0.521,0.765,0.561,0.295,0.199,104.0,95.0,99.0,96.0,98.0,97.0,121.0,47.0,-49.9,-38.9,34848340.0
12,Ivica Zubac,27,LAC,C,80,80,2624,0.628,0.628,0.0,0.628,0.661,0.641,0.251,0.0,135.0,115.0,0.0,116.0,85.0,111.0,103.0,0.0,160.9,134.8,11743210.0
13,Jayson Tatum,26,BOS,PF,72,72,2624,0.452,0.559,0.343,0.537,0.814,0.582,0.3,0.497,97.0,103.0,95.0,99.0,104.0,101.0,124.0,118.0,-17.2,20.7,34848340.0
14,Jaden McDaniels,24,MIN,PF,82,82,2614,0.477,0.561,0.33,0.537,0.813,0.562,0.153,0.363,102.0,103.0,92.0,99.0,104.0,97.0,63.0,86.0,-9.8,-26.0,23017242.0
15,Keegan Murray,24,SAC,PF,76,76,2610,0.444,0.566,0.343,0.538,0.833,0.553,0.088,0.548,95.0,104.0,95.0,99.0,107.0,96.0,36.0,130.0,-8.6,-39.5,8809560.0
16,Zach LaVine,29,2TM,SF,74,74,2602,0.511,0.562,0.446,0.609,0.825,0.639,0.233,0.438,109.0,103.0,124.0,112.0,106.0,111.0,96.0,104.0,160.6,170.1,44531940.0
17,Shai Gilgeous-Alexander,26,OKC,PG,76,76,2598,0.519,0.571,0.375,0.569,0.898,0.637,0.404,0.263,111.0,105.0,104.0,105.0,115.0,111.0,166.0,62.0,84.4,236.4,35859950.0
18,Michael Porter Jr.,26,DEN,SF,77,77,2593,0.504,0.599,0.395,0.596,0.768,0.617,0.185,0.467,108.0,110.0,110.0,110.0,98.0,107.0,76.0,111.0,110.7,91.9,35859950.0
19,Derrick White,30,BOS,SG,76,76,2574,0.442,0.593,0.384,0.58,0.839,0.606,0.168,0.721,95.0,109.0,106.0,107.0,108.0,105.0,69.0,171.0,71.4,61.2,20071429.0
20,Dyson Daniels,21,ATL,SG,76,76,2571,0.493,0.545,0.34,0.536,0.593,0.545,0.152,0.255,106.0,100.0,95.0,99.0,76.0,95.0,62.0,60.0,-12.5,-61.6,6059520.0
21,Nikola Jokić,29,DEN,C,70,70,2571,0.576,0.627,0.417,0.627,0.8,0.663,0.331,0.243,123.0,115.0,116.0,115.0,103.0,115.0,136.0,58.0,228.5,270.5,51415938.0
22,Austin Reaves,26,LAL,SG,73,73,2550,0.46,0.547,0.377,0.556,0.877,0.616,0.353,0.512,98.0,100.0,105.0,102.0,112.0,107.0,145.0,122.0,27.7,94.4,12976362.0
23,Toumani Camara,24,POR,PF,78,78,2548,0.458,0.542,0.375,0.552,0.722,0.572,0.176,0.503,98.0,99.0,104.0,102.0,93.0,99.0,72.0,119.0,13.3,-7.0,1891857.0
24,Pascal Siakam,30,IND,PF,78,78,2548,0.519,0.568,0.389,0.572,0.734,0.599,0.261,0.274,111.0,104.0,108.0,105.0,94.0,104.0,107.0,65.0,68.2,59.7,42176400.0
25,Brook Lopez,36,MIL,C,80,80,2546,0.509,0.636,0.373,0.599,0.826,0.624,0.178,0.482,109.0,117.0,103.0,110.0,106.0,108.0,73.0,114.0,86.3,79.1,23000000.0
26,Karl-Anthony Towns,29,NYK,C,72,72,2517,0.526,0.567,0.42,0.584,0.829,0.63,0.337,0.278,113.0,104.0,117.0,108.0,106.0,109.0,139.0,66.0,100.3,151.5,49205800.0
27,Bub Carrington,19,WAS,PG,82,57,2458,0.401,0.475,0.339,0.493,0.812,0.514,0.114,0.544,86.0,87.0,94.0,91.0,104.0,89.0,47.0,129.0,-74.4,-98.1,4454880.0
28,Cade Cunningham,23,DET,PG,70,70,2452,0.469,0.515,0.356,0.521,0.846,0.565,0.254,0.287,100.0,94.0,99.0,96.0,108.0,98.0,105.0,68.0,-65.5,-36.6,13940809.0
29,Tyrese Haliburton,24,IND,PG,73,73,2451,0.473,0.581,0.388,0.582,0.851,0.616,0.221,0.559,101.0,107.0,108.0,107.0,109.0,107.0,91.0,133.0,77.3,87.1,42176400.0
30,Coby White,24,CHI,SG,74,73,2450,0.453,0.544,0.37,0.55,0.902,0.601,0.274,0.521,97.0,100.0,103.0,101.0,116.0,104.0,113.0,124.0,14.4,61.5,12000000.0
31,LeBron James,40,LAL,SF,70,70,2444,0.513,0.574,0.376,0.571,0.782,0.604,0.261,0.312,110.0,105.0,104.0,105.0,100.0,105.0,107.0,74.0,71.6,78.6,48728845.0
32,Domantas Sabonis,28,SAC,C,70,70,2429,0.59,0.627,0.417,0.627,0.754,0.655,0.324,0.175,126.0,115.0,116.0,115.0,97.0,114.0,133.0,41.0,149.1,161.4,40500000.0
33,Jamal Murray,27,DEN,PG,67,67,2418,0.474,0.518,0.393,0.543,0.886,0.584,0.219,0.354,101.0,95.0,109.0,100.0,114.0,101.0,90.0,84.0,0.4,19.4,36016200.0
34,Alperen Şengün,22,HOU,C,76,76,2395,0.496,0.519,0.233,0.505,0.692,0.545,0.374,0.079,106.0,95.0,65.0,93.0,89.0,95.0,154.0,19.0,-86.5,-83.2,5424654.0
35,Dillon Brooks,29,HOU,SF,75,75,2388,0.429,0.465,0.397,0.533,0.818,0.555,0.135,0.524,92.0,85.0,110.0,98.0,105.0,96.0,56.0,124.0,-18.1,-39.7,22255493.0
36,Rudy Gobert,32,MIN,C,72,72,2388,0.669,0.669,0.0,0.669,0.674,0.687,0.535,0.0,143.0,123.0,0.0,123.0,86.0,119.0,220.0,0.0,128.1,139.9,43827586.0
37,Tobias Harris,32,DET,PF,73,73,2305,0.477,0.542,0.345,0.534,0.861,0.571,0.206,0.328,102.0,99.0,96.0,98.0,110.0,99.0,85.0,78.0,-15.3,-9.8,25365854.0
38,Darius Garland,25,CLE,PG,75,75,2301,0.472,0.53,0.401,0.562,0.878,0.6,0.217,0.451,101.0,97.0,111.0,104.0,113.0,104.0,89.0,107.0,44.9,61.8,36725670.0
39,Jalen Brunson,28,NYK,PG,65,65,2301,0.488,0.539,0.383,0.551,0.821,0.605,0.373,0.331,104.0,99.0,106.0,101.0,105.0,105.0,154.0,79.0,18.6,80.0,24960001.0
40,Jarrett Allen,26,CLE,C,82,82,2296,0.706,0.712,0.0,0.706,0.718,0.724,0.433,0.008,151.0,131.0,0.0,130.0,92.0,126.0,178.0,2.0,208.9,225.0,20000000.0
41,Chris Paul,39,SAS,PG,82,82,2292,0.427,0.514,0.377,0.547,0.924,0.58,0.158,0.636,91.0,94.0,105.0,101.0,118.0,101.0,65.0,151.0,4.8,4.5,10460000.0
42,Anfernee Simons,25,POR,SG,70,70,2292,0.426,0.496,0.363,0.521,0.902,0.557,0.172,0.527,91.0,91.0,101.0,96.0,116.0,97.0,71.0,125.0,-48.9,-46.8,25892857.0
43,Giannis Antetokounmpo,30,MIL,PF,67,67,2289,0.601,0.62,0.222,0.607,0.617,0.625,0.536,0.048,129.0,114.0,62.0,112.0,79.0,108.0,221.0,11.0,167.4,157.5,48787676.0
44,Malik Beasley,28,DET,SG,82,18,2283,0.43,0.466,0.416,0.579,0.679,0.59,0.131,0.715,92.0,85.0,116.0,107.0,87.0,102.0,54.0,170.0,77.7,30.8,6000000.0
45,Kentavious Caldwell-Pope,31,ORL,SG,77,77,2279,0.439,0.589,0.342,0.543,0.863,0.574,0.175,0.607,94.0,108.0,95.0,100.0,111.0,100.0,72.0,144.0,0.1,-2.1,22757000.0
46,Nikola Vučević,34,CHI,C,73,72,2278,0.53,0.587,0.402,0.592,0.805,0.611,0.144,0.309,113.0,108.0,112.0,109.0,103.0,106.0,59.0,73.0,101.6,77.3,20000000.0
47,Payton Pritchard,27,BOS,PG,80,3,2271,0.472,0.642,0.407,0.62,0.845,0.633,0.097,0.723,101.0,118.0,113.0,114.0,108.0,110.0,40.0,172.0,132.4,103.4,6696429.0
48,Kevin Durant,36,PHO,PF,62,62,2265,0.527,0.574,0.43,0.598,0.839,0.642,0.321,0.331,113.0,105.0,119.0,110.0,108.0,111.0,132.0,79.0,123.2,168.7,51179021.0
49,Shaedon Sharpe,21,POR,SG,72,52,2252,0.452,0.557,0.311,0.519,0.785,0.551,0.219,0.428,97.0,102.0,86.0,95.0,101.0,96.0,90.0,102.0,-54.1,-59.9,6614160.0
50,Stephen Curry,36,GSW,PG,70,70,2252,0.448,0.534,0.397,0.572,0.933,0.618,0.238,0.623,96.0,98.0,110.0,105.0,120.0,107.0,98.0,148.0,72.6,116.7,55761216.0
51,De'Aaron Fox,27,2TM,PG,62,62,2241,0.463,0.538,0.31,0.514,0.827,0.56,0.273,0.328,99.0,99.0,86.0,95.0,106.0,97.0,113.0,78.0,-67.2,-42.5,34848340.0
52,Jalen Williams,23,OKC,SG,69,69,2237,0.484,0.533,0.365,0.537,0.789,0.573,0.256,0.291,104.0,98.0,101.0,99.0,101.0,99.0,105.0,69.0,-14.6,-7.6,4775760.0
53,Donovan Mitchell,28,CLE,SG,71,71,2232,0.443,0.512,0.368,0.531,0.823,0.575,0.274,0.48,95.0,94.0,102.0,98.0,106.0,100.0,113.0,114.0,-30.7,-3.7,35410310.0
54,Harrison Barnes,32,SAS,PF,82,82,2230,0.508,0.591,0.433,0.622,0.809,0.656,0.291,0.527,109.0,108.0,120.0,115.0,104.0,114.0,120.0,125.0,108.2,123.0,18000000.0
55,Julius Randle,30,MIN,PF,69,69,2226,0.485,0.555,0.344,0.542,0.806,0.593,0.357,0.334,104.0,102.0,95.0,100.0,103.0,103.0,147.0,79.0,-1.9,36.1,33073920.0
56,Amen Thompson,22,HOU,SF,69,42,2225,0.557,0.599,0.275,0.575,0.684,0.602,0.354,0.131,119.0,110.0,76.0,106.0,88.0,104.0,146.0,31.0,44.0,41.6,9249960.0
57,Jaren Jackson Jr.,25,MEM,C,74,74,2207,0.488,0.541,0.375,0.548,0.781,0.591,0.328,0.321,104.0,99.0,104.0,101.0,100.0,103.0,135.0,76.0,12.5,41.4,25257798.0
58,Desmond Bane,26,MEM,SG,69,68,2205,0.484,0.548,0.392,0.565,0.894,0.6,0.194,0.411,104.0,101.0,109.0,104.0,115.0,104.0,80.0,97.0,44.3,53.5,34005250.0
59,Naz Reid,25,MIN,C,80,17,2200,0.462,0.544,0.379,0.556,0.776,0.577,0.155,0.501,99.0,100.0,105.0,102.0,100.0,100.0,64.0,119.0,24.5,1.8,13986432.0
60,Tyus Jones,28,PHO,PG,81,58,2174,0.448,0.496,0.414,0.57,0.895,0.585,0.083,0.587,96.0,91.0,115.0,105.0,115.0,102.0,34.0,139.0,36.2,13.0,2087519.0
61,Myles Turner,28,IND,C,72,72,2174,0.481,0.561,0.396,0.577,0.773,0.612,0.293,0.486,103.0,103.0,110.0,106.0,99.0,106.0,121.0,115.0,55.1,64.7,19928500.0
62,Evan Mobley,23,CLE,PF,71,71,2167,0.557,0.621,0.37,0.604,0.725,0.633,0.337,0.254,119.0,114.0,103.0,111.0,93.0,110.0,139.0,60.0,111.0,117.3,11227657.0
63,Taurean Prince,30,MIL,SF,80,73,2166,0.457,0.492,0.439,0.6,0.813,0.613,0.093,0.652,98.0,90.0,122.0,111.0,104.0,106.0,38.0,155.0,58.7,39.3,2087519.0
64,Stephon Castle,20,SAS,PG,81,47,2162,0.428,0.501,0.285,0.476,0.724,0.522,0.348,0.337,92.0,92.0,79.0,88.0,93.0,91.0,143.0,80.0,-132.1,-123.0,9105120.0
65,Deni Avdija,24,POR,SF,72,54,2161,0.476,0.552,0.365,0.55,0.78,0.605,0.441,0.405,102.0,101.0,101.0,101.0,100.0,105.0,181.0,96.0,12.3,57.8,15625000.0
66,Jaylen Brown,28,BOS,SF,63,63,2158,0.463,0.529,0.324,0.515,0.764,0.555,0.288,0.32,99.0,97.0,90.0,95.0,98.0,96.0,119.0,76.0,-62.3,-53.6,49205800.0
67,Tim Hardaway Jr.,32,DET,SG,77,77,2153,0.406,0.484,0.368,0.529,0.855,0.567,0.213,0.672,87.0,89.0,102.0,97.0,110.0,98.0,88.0,160.0,-18.6,-13.1,16193183.0
68,Bennedict Mathurin,22,IND,SF,72,49,2149,0.458,0.519,0.34,0.516,0.831,0.579,0.389,0.338,98.0,95.0,94.0,95.0,107.0,100.0,160.0,80.0,-46.5,4.7,7245720.0
69,Spencer Dinwiddie,31,DAL,PG,79,30,2136,0.416,0.492,0.334,0.496,0.802,0.553,0.356,0.478,89.0,90.0,93.0,91.0,103.0,96.0,147.0,113.0,-63.7,-37.1,2087519.0
70,Scottie Barnes,23,TOR,PF,65,65,2134,0.446,0.508,0.271,0.482,0.755,0.523,0.284,0.263,95.0,93.0,75.0,89.0,97.0,91.0,117.0,63.0,-130.6,-126.1,10130980.0
71,Max Christie,21,2TM,SG,78,36,2127,0.427,0.496,0.366,0.525,0.855,0.57,0.258,0.532,91.0,91.0,102.0,97.0,110.0,99.0,106.0,126.0,-21.8,-8.0,7142857.0
72,Josh Giddey,22,CHI,PG,70,69,2117,0.465,0.512,0.378,0.531,0.781,0.57,0.281,0.348,100.0,94.0,105.0,98.0,100.0,99.0,116.0,83.0,-19.7,-11.2,8352367.0
73,Fred VanVleet,30,HOU,PG,60,60,2111,0.378,0.43,0.345,0.483,0.81,0.515,0.181,0.607,81.0,79.0,96.0,89.0,104.0,89.0,74.0,144.0,-91.4,-100.1,42846615.0
74,Keyonte George,21,UTA,PG,67,35,2109,0.391,0.449,0.343,0.485,0.818,0.539,0.31,0.552,84.0,82.0,95.0,89.0,105.0,93.0,128.0,131.0,-106.2,-78.5,4084200.0
75,Dennis Schröder,31,3TM,PG,75,49,2105,0.406,0.458,0.342,0.483,0.838,0.531,0.261,0.449,87.0,84.0,95.0,89.0,107.0,92.0,108.0,107.0,-99.2,-82.5,13025250.0
76,Damian Lillard,34,MIL,PG,58,58,2093,0.448,0.528,0.376,0.547,0.921,0.621,0.396,0.528,96.0,97.0,104.0,101.0,118.0,108.0,163.0,125.0,7.6,104.6,48787676.0
77,Russell Westbrook,36,DEN,PG,75,36,2092,0.449,0.517,0.323,0.505,0.661,0.532,0.28,0.35,96.0,95.0,90.0,93.0,85.0,92.0,115.0,83.0,-62.6,-81.8,5631296.0
78,Kelly Oubre Jr.,29,PHI,SF,60,57,2078,0.47,0.555,0.293,0.518,0.751,0.551,0.25,0.327,101.0,102.0,81.0,95.0,96.0,96.0,103.0,78.0,-37.8,-41.7,7983000.0
79,Nickeil Alexander-Walker,26,MIN,SG,82,10,2073,0.438,0.524,0.381,0.553,0.78,0.579,0.192,0.601,94.0,96.0,106.0,102.0,100.0,100.0,79.0,143.0,11.9,3.3,4312500.0
80,Luguentz Dort,25,OKC,SF,71,71,2073,0.435,0.489,0.412,0.578,0.717,0.586,0.078,0.696,93.0,90.0,114.0,107.0,92.0,102.0,32.0,165.0,41.9,12.3,16500000.0
81,Onyeka Okongwu,24,ATL,C,74,40,2064,0.567,0.634,0.324,0.602,0.759,0.634,0.316,0.216,121.0,116.0,90.0,111.0,97.0,110.0,130.0,51.0,81.1,90.3,14000000.0
82,Malik Monk,26,SAC,SG,65,45,2054,0.439,0.534,0.325,0.513,0.865,0.549,0.19,0.456,94.0,98.0,90.0,94.0,111.0,95.0,78.0,108.0,-56.9,-55.3,17405203.0
83,Jaylen Wells,21,MEM,SG,79,74,2043,0.425,0.525,0.352,0.527,0.822,0.56,0.2,0.58,91.0,96.0,98.0,97.0,105.0,97.0,82.0,138.0,-22.2,-24.5,1157153.0
84,Jalen Duren,21,DET,C,78,78,2034,0.692,0.692,0.0,0.692,0.669,0.703,0.443,0.0,148.0,127.0,0.0,127.0,86.0,122.0,183.0,0.0,163.0,166.1,4536840.0
85,Jalen Wilson,24,BRK,PF,79,22,2031,0.397,0.481,0.337,0.495,0.818,0.541,0.266,0.584,85.0,88.0,94.0,91.0,105.0,94.0,110.0,139.0,-59.4,-49.1,1891857.0
86,Miles Bridges,26,CHO,PF,64,64,2029,0.431,0.513,0.313,0.495,0.87,0.541,0.233,0.413,92.0,94.0,87.0,91.0,112.0,94.0,96.0,98.0,-103.8,-83.7,27173913.0
87,Davion Mitchell,26,2TM,PG,74,37,2027,0.468,0.525,0.398,0.557,0.69,0.573,0.176,0.443,100.0,96.0,111.0,103.0,89.0,99.0,73.0,105.0,13.0,-3.1,6451077.0
88,Franz Wagner,23,ORL,SF,60,60,2023,0.463,0.535,0.295,0.507,0.871,0.558,0.268,0.303,99.0,98.0,82.0,93.0,112.0,97.0,110.0,72.0,-83.0,-46.6,7007092.0
89,Quentin Grimes,24,2TM,SG,75,37,2013,0.467,0.552,0.385,0.565,0.757,0.595,0.26,0.512,100.0,101.0,107.0,104.0,97.0,103.0,107.0,121.0,36.2,35.1,4296682.0
90,Jordan Poole,25,WAS,SG,68,68,2001,0.432,0.51,0.378,0.544,0.883,0.591,0.259,0.588,93.0,94.0,105.0,100.0,113.0,103.0,107.0,140.0,1.0,34.0,29651786.0
91,Draymond Green,34,GSW,PF,68,66,1983,0.424,0.517,0.325,0.503,0.687,0.534,0.289,0.483,91.0,95.0,90.0,93.0,88.0,93.0,119.0,115.0,-40.8,-48.1,24107143.0
92,Devin Vassell,24,SAS,SG,64,53,1983,0.443,0.513,0.368,0.532,0.792,0.553,0.135,0.483,95.0,94.0,102.0,98.0,102.0,96.0,56.0,115.0,-19.6,-44.3,29347826.0
93,Klay Thompson,34,DAL,SF,72,72,1965,0.412,0.448,0.391,0.535,0.905,0.552,0.084,0.631,88.0,82.0,108.0,98.0,116.0,96.0,35.0,150.0,-14.5,-43.2,15873016.0
94,Tyrese Maxey,24,PHI,PG,52,52,1960,0.437,0.515,0.337,0.511,0.879,0.562,0.265,0.438,94.0,95.0,94.0,94.0,113.0,98.0,109.0,104.0,-70.0,-34.8,35147000.0
95,Norman Powell,31,LAC,SG,60,60,1958,0.484,0.538,0.418,0.578,0.804,0.615,0.28,0.453,104.0,99.0,116.0,106.0,103.0,107.0,115.0,108.0,66.6,82.6,19241379.0
96,Yves Missi,20,NOP,C,73,67,1956,0.547,0.548,0.0,0.547,0.623,0.572,0.415,0.002,117.0,101.0,0.0,101.0,80.0,99.0,171.0,0.0,3.6,-5.4,3193200.0
97,Keon Ellis,25,SAC,SG,80,28,1948,0.489,0.615,0.433,0.639,0.849,0.664,0.185,0.692,105.0,113.0,120.0,118.0,109.0,115.0,76.0,164.0,89.0,87.7,2120693.0
98,Bilal Coulibaly,20,WAS,SF,59,59,1948,0.421,0.5,0.281,0.472,0.746,0.515,0.296,0.359,90.0,92.0,78.0,87.0,96.0,89.0,122.0,85.0,-88.7,-85.9,6945240.0
99,Kyle Kuzma,29,2TM,PF,65,62,1936,0.436,0.512,0.307,0.493,0.634,0.514,0.238,0.369,93.0,94.0,85.0,91.0,81.0,89.0,98.0,88.0,-85.1,-115.6,24456061.0
100,Julian Champagnie,23,SAS,SF,82,29,1932,0.415,0.53,0.371,0.549,0.904,0.577,0.141,0.722,89.0,97.0,103.0,101.0,116.0,100.0,58.0,171.0,7.7,1.0,3000000.0
101,Keon Johnson,22,BRK,SG,79,56,1925,0.389,0.468,0.314,0.47,0.77,0.499,0.178,0.515,83.0,86.0,87.0,87.0,99.0,87.0,73.0,122.0,-114.1,-129.2,2162606.0
102,Naji Marshall,27,DAL,SF,69,31,1919,0.508,0.611,0.275,0.551,0.813,0.584,0.225,0.306,109.0,112.0,76.0,101.0,104.0,101.0,93.0,73.0,10.7,12.4,8571429.0
103,Jrue Holiday,34,BOS,PG,62,62,1896,0.443,0.547,0.353,0.538,0.909,0.565,0.134,0.534,95.0,100.0,98.0,99.0,117.0,98.0,55.0,127.0,-6.4,-13.4,30000000.0
104,Guerschon Yabusele,29,PHI,C,70,43,1895,0.501,0.616,0.38,0.593,0.725,0.616,0.245,0.487,107.0,113.0,105.0,109.0,93.0,107.0,101.0,116.0,56.5,49.2,2087519.0
105,Gary Trent Jr.,26,MIL,SG,74,9,1893,0.431,0.46,0.416,0.568,0.848,0.591,0.14,0.659,92.0,84.0,115.0,105.0,109.0,103.0,58.0,156.0,32.4,20.2,2087519.0
106,Anthony Black,21,ORL,PG,78,10,1887,0.423,0.471,0.318,0.473,0.761,0.521,0.318,0.315,90.0,86.0,88.0,87.0,98.0,90.0,131.0,75.0,-87.4,-78.4,7607760.0
107,Josh Green,24,CHO,SG,68,67,1887,0.428,0.48,0.391,0.543,0.681,0.559,0.171,0.589,92.0,88.0,109.0,100.0,87.0,97.0,70.0,140.0,-0.3,-15.7,12654321.0
108,Nic Claxton,25,BRK,C,70,62,1882,0.563,0.576,0.238,0.568,0.513,0.569,0.271,0.037,121.0,106.0,66.0,105.0,66.0,99.0,112.0,9.0,28.1,-8.6,27556817.0
109,Andrew Nembhard,25,IND,SG,65,65,1881,0.458,0.538,0.291,0.506,0.794,0.545,0.252,0.325,98.0,99.0,81.0,93.0,102.0,95.0,104.0,77.0,-40.4,-37.1,2019699.0
110,Cason Wallace,21,OKC,SG,68,43,1876,0.474,0.562,0.356,0.55,0.811,0.562,0.076,0.425,102.0,103.0,99.0,101.0,104.0,98.0,31.0,101.0,6.9,-14.3,5555880.0
111,Derrick Jones Jr.,27,LAC,SF,77,55,1873,0.526,0.627,0.356,0.593,0.703,0.609,0.2,0.372,113.0,115.0,99.0,109.0,90.0,106.0,82.0,88.0,58.3,42.4,9523810.0
112,Rui Hachimura,26,LAL,PF,59,57,1869,0.509,0.581,0.413,0.597,0.77,0.619,0.196,0.429,109.0,107.0,115.0,110.0,99.0,107.0,81.0,102.0,62.4,53.9,17000000.0
113,RJ Barrett,24,TOR,SF,58,58,1869,0.468,0.522,0.35,0.523,0.63,0.547,0.317,0.312,100.0,96.0,97.0,96.0,81.0,95.0,130.0,74.0,-39.6,-66.3,25794643.0
114,Buddy Hield,32,GSW,SG,82,22,1863,0.417,0.527,0.37,0.546,0.828,0.56,0.081,0.698,89.0,97.0,103.0,101.0,106.0,97.0,34.0,166.0,5.3,-26.2,8780488.0
115,Trey Murphy III,24,NOP,SF,53,51,1854,0.454,0.556,0.361,0.548,0.887,0.598,0.274,0.522,97.0,102.0,100.0,101.0,114.0,104.0,113.0,124.0,8.7,40.5,5159854.0
116,Zaccharie Risacher,19,ATL,SF,75,73,1843,0.458,0.54,0.355,0.537,0.711,0.558,0.191,0.442,98.0,99.0,98.0,99.0,91.0,97.0,79.0,105.0,-10.1,-31.3,12569040.0
117,Andrew Wiggins,29,2TM,SF,60,60,1842,0.448,0.501,0.374,0.526,0.763,0.566,0.306,0.415,96.0,92.0,104.0,97.0,98.0,98.0,126.0,98.0,-29.2,-19.2,26276786.0
118,Isaiah Collier,20,UTA,PG,71,46,1839,0.422,0.497,0.249,0.459,0.682,0.494,0.277,0.305,90.0,91.0,69.0,85.0,87.0,86.0,114.0,72.0,-92.8,-102.7,2512680.0
119,Keldon Johnson,25,SAS,SF,77,0,1838,0.482,0.573,0.318,0.538,0.773,0.572,0.252,0.356,103.0,105.0,88.0,99.0,99.0,99.0,104.0,84.0,-7.3,-6.7,19000000.0
120,Royce O'Neale,31,PHO,SF,75,22,1837,0.423,0.481,0.406,0.58,0.731,0.585,0.046,0.774,90.0,88.0,113.0,107.0,94.0,101.0,19.0,184.0,41.9,10.0,9375000.0
121,P.J. Washington,26,DAL,PF,57,56,1835,0.453,0.493,0.381,0.521,0.722,0.556,0.298,0.359,97.0,90.0,106.0,96.0,93.0,96.0,123.0,85.0,-29.3,-30.7,15500000.0
122,CJ McCollum,33,NOP,PG,56,56,1832,0.444,0.505,0.373,0.53,0.717,0.55,0.173,0.459,95.0,93.0,103.0,98.0,92.0,95.0,71.0,109.0,-27.1,-57.1,33333333.0
123,Haywood Highsmith,28,MIA,SF,74,42,1818,0.458,0.57,0.382,0.572,0.721,0.583,0.11,0.596,98.0,105.0,106.0,105.0,92.0,101.0,45.0,141.0,22.3,5.6,5200000.0
124,Dorian Finney-Smith,31,2TM,PF,63,40,1818,0.448,0.545,0.411,0.597,0.667,0.604,0.103,0.722,96.0,100.0,114.0,110.0,85.0,105.0,43.0,171.0,46.5,24.9,14924167.0
125,Alex Sarr,19,WAS,C,67,67,1814,0.394,0.454,0.308,0.457,0.679,0.482,0.199,0.412,84.0,83.0,85.0,84.0,87.0,84.0,82.0,98.0,-142.3,-168.8,11245680.0
126,Kyrie Irving,32,DAL,SG,50,50,1804,0.473,0.517,0.401,0.549,0.916,0.594,0.226,0.38,101.0,95.0,111.0,101.0,117.0,103.0,93.0,90.0,11.6,36.5,41000000.0
127,Kyshawn George,21,WAS,SG,68,38,1802,0.372,0.464,0.322,0.476,0.753,0.503,0.17,0.648,80.0,85.0,89.0,88.0,97.0,87.0,70.0,154.0,-73.0,-86.4,2825520.0
128,Cameron Johnson,28,BRK,PF,57,57,1800,0.475,0.578,0.39,0.582,0.893,0.632,0.301,0.546,102.0,106.0,108.0,107.0,115.0,110.0,124.0,130.0,57.7,95.1,22500000.0
129,Duncan Robinson,30,MIA,SF,74,37,1785,0.437,0.556,0.393,0.581,0.887,0.595,0.08,0.729,94.0,102.0,109.0,107.0,114.0,103.0,33.0,173.0,49.9,26.1,19406000.0
130,Kris Dunn,30,LAC,PG,74,58,1783,0.439,0.549,0.335,0.525,0.682,0.531,0.05,0.513,94.0,101.0,93.0,97.0,87.0,92.0,21.0,122.0,-15.6,-40.7,5168000.0
131,Luka Dončić,25,2TM,PG,50,50,1769,0.45,0.522,0.368,0.536,0.782,0.587,0.385,0.469,96.0,96.0,102.0,99.0,100.0,102.0,159.0,111.0,-14.2,26.6,43031940.0
132,Scoot Henderson,20,POR,PG,66,10,1759,0.419,0.469,0.354,0.496,0.767,0.54,0.301,0.434,90.0,86.0,98.0,91.0,98.0,94.0,124.0,103.0,-65.0,-56.8,10259160.0
133,Wendell Carter Jr.,25,ORL,C,68,51,1758,0.46,0.568,0.234,0.498,0.737,0.544,0.356,0.322,99.0,104.0,65.0,92.0,95.0,94.0,147.0,76.0,-44.3,-36.6,11950000.0
134,Collin Sexton,26,UTA,SG,63,61,1758,0.48,0.513,0.406,0.543,0.865,0.593,0.29,0.313,103.0,94.0,113.0,100.0,111.0,103.0,119.0,74.0,0.3,32.6,18350000.0
135,Mike Conley,37,MIN,PG,71,64,1756,0.4,0.38,0.41,0.535,0.9,0.573,0.192,0.662,86.0,70.0,114.0,99.0,115.0,99.0,79.0,157.0,-7.3,-2.9,9975962.0
136,Amir Coffey,27,LAC,SG,72,13,1748,0.471,0.529,0.409,0.57,0.891,0.614,0.253,0.484,101.0,97.0,114.0,105.0,114.0,107.0,104.0,115.0,27.1,42.9,3938271.0
137,Jimmy Butler,35,2TM,SF,55,55,1746,0.504,0.546,0.308,0.531,0.842,0.626,0.657,0.174,108.0,100.0,85.0,98.0,108.0,109.0,270.0,41.0,-14.5,77.3,48798677.0
138,Aaron Wiggins,26,OKC,SG,76,26,1744,0.488,0.578,0.383,0.577,0.831,0.596,0.122,0.466,104.0,106.0,106.0,106.0,107.0,103.0,50.0,111.0,49.3,29.9,10514017.0
139,Walker Kessler,23,UTA,C,58,58,1740,0.663,0.706,0.176,0.671,0.52,0.66,0.363,0.081,142.0,130.0,49.0,123.0,67.0,114.0,149.0,19.0,106.9,81.1,2965920.0
140,De'Andre Hunter,27,2TM,SF,64,9,1740,0.47,0.537,0.405,0.573,0.846,0.623,0.333,0.509,101.0,99.0,112.0,105.0,109.0,108.0,137.0,121.0,45.3,81.1,21696429.0
141,Ochai Agbaji,24,TOR,SG,64,45,1739,0.498,0.587,0.399,0.593,0.708,0.601,0.09,0.474,107.0,108.0,111.0,109.0,91.0,104.0,37.0,112.0,53.0,27.3,4310280.0
142,Brandin Podziemski,21,GSW,SG,64,33,1716,0.445,0.516,0.372,0.537,0.758,0.557,0.151,0.491,95.0,95.0,103.0,99.0,97.0,97.0,62.0,117.0,-8.2,-26.0,3519960.0
143,Jabari Smith Jr.,21,HOU,PF,57,39,1716,0.438,0.519,0.354,0.525,0.825,0.562,0.223,0.489,94.0,95.0,98.0,97.0,106.0,97.0,92.0,116.0,-20.8,-18.1,9770880.0
144,Anthony Davis,31,2TM,PF,51,51,1706,0.516,0.553,0.282,0.536,0.775,0.588,0.405,0.136,111.0,102.0,78.0,99.0,99.0,102.0,167.0,32.0,-13.4,25.2,43219440.0
145,Bradley Beal,31,PHO,SG,53,38,1702,0.497,0.565,0.386,0.571,0.803,0.598,0.197,0.38,106.0,104.0,107.0,105.0,103.0,104.0,81.0,90.0,38.2,32.8,50203930.0
146,Georges Niang,31,2TM,PF,79,3,1697,0.461,0.569,0.406,0.595,0.793,0.607,0.094,0.66,99.0,104.0,113.0,110.0,102.0,105.0,39.0,157.0,64.6,40.1,8500000.0
147,Jakob Poeltl,29,TOR,C,57,56,1686,0.627,0.628,0.333,0.628,0.674,0.641,0.249,0.005,134.0,115.0,93.0,116.0,86.0,111.0,102.0,1.0,98.1,83.8,19500000.0
148,Scotty Pippen Jr.,24,MEM,PG,79,21,1683,0.48,0.528,0.397,0.553,0.713,0.582,0.288,0.369,103.0,97.0,110.0,102.0,91.0,101.0,119.0,88.0,11.8,7.8,2087519.0
149,Kevin Huerter,26,2TM,SG,69,31,1679,0.425,0.587,0.338,0.535,0.714,0.544,0.081,0.647,91.0,108.0,94.0,98.0,92.0,94.0,33.0,154.0,-10.0,-39.8,16830357.0
150,Santi Aldama,24,MEM,PF,65,16,1660,0.483,0.599,0.368,0.576,0.691,0.588,0.145,0.503,103.0,110.0,102.0,106.0,89.0,102.0,60.0,119.0,42.2,16.6,3960531.0
151,A.J. Green,25,MIL,SG,73,7,1659,0.429,0.443,0.427,0.612,0.815,0.621,0.064,0.856,92.0,81.0,119.0,113.0,104.0,108.0,26.0,203.0,58.5,38.7,2120693.0
152,Al Horford,38,BOS,C,60,42,1659,0.423,0.551,0.363,0.547,0.895,0.563,0.082,0.681,91.0,101.0,101.0,101.0,115.0,98.0,34.0,162.0,3.3,-12.5,9500000.0
153,Terry Rozier,30,MIA,PG,64,23,1658,0.391,0.48,0.295,0.462,0.852,0.497,0.17,0.485,84.0,88.0,82.0,85.0,109.0,86.0,70.0,115.0,-102.7,-107.5,24924126.0
154,Peyton Watson,22,DEN,SF,68,18,1656,0.477,0.534,0.353,0.533,0.693,0.564,0.32,0.318,102.0,98.0,98.0,98.0,89.0,98.0,132.0,75.0,-8.9,-11.7,2413560.0
155,Moses Moody,22,GSW,SG,74,34,1649,0.433,0.519,0.374,0.544,0.797,0.578,0.234,0.593,93.0,95.0,104.0,100.0,102.0,100.0,96.0,141.0,1.1,2.0,5803269.0
156,Tristan Da Silva,23,ORL,SF,74,38,1629,0.412,0.488,0.335,0.495,0.873,0.522,0.13,0.495,88.0,89.0,93.0,91.0,112.0,91.0,54.0,117.0,-46.6,-55.5,3628440.0
157,Donte DiVincenzo,28,MIN,SG,62,10,1606,0.422,0.49,0.397,0.568,0.778,0.582,0.106,0.739,90.0,90.0,110.0,105.0,100.0,101.0,44.0,175.0,29.9,7.7,11445000.0
158,Isaiah Joe,25,OKC,SG,74,16,1604,0.44,0.549,0.412,0.604,0.821,0.617,0.095,0.793,94.0,101.0,114.0,111.0,105.0,107.0,39.0,188.0,71.4,50.0,12991650.0
159,Corey Kispert,25,WAS,SF,61,0,1602,0.451,0.574,0.364,0.558,0.852,0.584,0.156,0.584,97.0,105.0,101.0,103.0,109.0,101.0,64.0,139.0,16.3,9.3,5705887.0
160,Caris LeVert,30,2TM,SG,64,3,1596,0.467,0.552,0.373,0.556,0.71,0.582,0.259,0.474,100.0,101.0,104.0,102.0,91.0,101.0,107.0,113.0,15.4,7.1,16615384.0
161,Miles McBride,24,NYK,PG,64,10,1593,0.406,0.455,0.369,0.511,0.813,0.531,0.117,0.57,87.0,84.0,102.0,94.0,104.0,92.0,48.0,135.0,-35.1,-51.8,4710144.0
162,Isaiah Hartenstein,26,OKC,C,57,53,1590,0.581,0.605,0.0,0.581,0.675,0.599,0.244,0.04,124.0,111.0,0.0,107.0,87.0,104.0,100.0,9.0,36.7,24.5,30000000.0
163,Gradey Dick,21,TOR,SG,54,54,1587,0.41,0.47,0.35,0.498,0.858,0.543,0.24,0.504,88.0,86.0,97.0,92.0,110.0,94.0,99.0,120.0,-58.7,-47.2,4763760.0
164,Paolo Banchero,22,ORL,PF,46,46,1582,0.452,0.509,0.32,0.5,0.727,0.551,0.423,0.299,97.0,93.0,89.0,92.0,93.0,96.0,174.0,71.0,-78.5,-54.0,12160800.0
165,Patrick Williams,23,CHI,PF,63,36,1576,0.397,0.447,0.353,0.49,0.723,0.512,0.161,0.527,85.0,82.0,98.0,90.0,93.0,89.0,66.0,125.0,-54.4,-70.7,18000000.0
166,Obi Toppin,26,IND,PF,79,4,1545,0.529,0.695,0.365,0.621,0.781,0.642,0.19,0.503,113.0,127.0,101.0,114.0,100.0,111.0,78.0,119.0,93.4,84.9,12975000.0
167,Grayson Allen,29,PHO,SG,64,7,1544,0.448,0.504,0.426,0.6,0.816,0.631,0.233,0.716,96.0,92.0,118.0,111.0,105.0,109.0,96.0,170.0,55.9,58.7,15625000.0
168,Sam Hauser,27,BOS,PF,71,19,1541,0.451,0.64,0.416,0.627,1.0,0.632,0.023,0.842,97.0,117.0,115.0,115.0,128.0,110.0,10.0,200.0,79.2,53.2,2092344.0
169,Ziaire Williams,23,BRK,SF,63,45,1541,0.412,0.509,0.341,0.511,0.821,0.55,0.237,0.581,88.0,93.0,95.0,94.0,105.0,96.0,97.0,138.0,-33.8,-29.6,6133005.0
170,Gabe Vincent,28,LAL,PG,72,11,1527,0.4,0.532,0.353,0.53,0.714,0.536,0.05,0.736,86.0,98.0,98.0,98.0,92.0,93.0,21.0,175.0,-11.2,-34.6,11000000.0
171,Victor Wembanyama,21,SAS,C,46,46,1527,0.476,0.586,0.352,0.559,0.836,0.594,0.221,0.47,102.0,107.0,98.0,103.0,107.0,103.0,91.0,112.0,27.2,32.6,12768960.0
172,Jerami Grant,30,POR,PF,47,47,1524,0.373,0.381,0.365,0.467,0.849,0.523,0.289,0.516,80.0,70.0,101.0,86.0,109.0,91.0,119.0,122.0,-87.4,-68.6,29793104.0
173,Jonas Valančiūnas,32,2TM,C,81,21,1524,0.55,0.571,0.216,0.557,0.879,0.602,0.263,0.059,118.0,105.0,60.0,102.0,113.0,105.0,108.0,14.0,17.0,36.7,9900000.0
174,Kyle Filipowski,21,UTA,C,72,27,1522,0.502,0.614,0.35,0.576,0.65,0.594,0.276,0.425,107.0,113.0,97.0,106.0,83.0,103.0,114.0,101.0,34.4,20.6,3000000.0
175,Ja Morant,25,MEM,PG,50,50,1519,0.454,0.523,0.309,0.504,0.824,0.563,0.359,0.321,97.0,96.0,86.0,93.0,106.0,98.0,148.0,76.0,-69.6,-27.2,36725670.0
176,Matas Buzelis,20,CHI,SF,80,31,1511,0.454,0.54,0.361,0.541,0.815,0.571,0.195,0.479,97.0,99.0,100.0,100.0,104.0,99.0,80.0,114.0,-2.8,-6.3,5195520.0
177,LaMelo Ball,23,CHO,PG,47,47,1505,0.405,0.478,0.339,0.494,0.843,0.536,0.228,0.526,87.0,88.0,94.0,91.0,108.0,93.0,94.0,125.0,-98.4,-87.9,35147000.0
178,Dalton Knecht,23,LAL,SF,78,16,1494,0.461,0.594,0.376,0.576,0.762,0.594,0.151,0.61,99.0,109.0,105.0,106.0,98.0,103.0,62.0,145.0,37.0,21.5,3819120.0
179,Kevin Porter Jr.,24,2TM,SG,75,4,1482,0.449,0.501,0.311,0.492,0.769,0.531,0.259,0.271,96.0,92.0,86.0,91.0,99.0,92.0,107.0,64.0,-67.2,-66.1,3366937.0
180,D'Angelo Russell,28,2TM,PG,58,36,1480,0.39,0.489,0.314,0.479,0.834,0.522,0.227,0.564,84.0,90.0,87.0,88.0,107.0,91.0,94.0,134.0,-82.0,-76.8,18692307.0
181,Lauri Markkanen,27,UTA,PF,47,47,1476,0.423,0.525,0.346,0.521,0.876,0.571,0.264,0.57,91.0,96.0,96.0,96.0,112.0,99.0,109.0,135.0,-30.3,-8.5,42176400.0
182,Luke Kennard,28,MEM,SG,65,11,1472,0.478,0.547,0.433,0.609,0.895,0.631,0.132,0.606,102.0,100.0,120.0,112.0,115.0,110.0,54.0,144.0,56.9,50.4,9250000.0
183,Jamal Shead,22,TOR,PG,75,11,1467,0.405,0.47,0.323,0.476,0.768,0.499,0.137,0.442,87.0,86.0,90.0,88.0,98.0,87.0,56.0,105.0,-67.4,-82.8,1862265.0
184,Aaron Gordon,29,DEN,PF,51,42,1447,0.531,0.582,0.436,0.607,0.81,0.65,0.36,0.346,114.0,107.0,121.0,112.0,104.0,113.0,148.0,82.0,63.2,84.5,22841455.0
185,Isaiah Stewart,23,DET,C,72,4,1434,0.559,0.607,0.321,0.586,0.759,0.616,0.276,0.168,120.0,111.0,89.0,108.0,97.0,107.0,114.0,40.0,26.9,27.9,15000000.0
186,Brice Sensabaugh,21,UTA,SF,71,15,1432,0.459,0.52,0.422,0.59,0.89,0.612,0.122,0.621,98.0,95.0,117.0,109.0,114.0,106.0,50.0,147.0,56.4,44.7,2571480.0
187,Goga Bitadze,25,ORL,C,70,42,1430,0.611,0.656,0.107,0.615,0.639,0.631,0.392,0.083,131.0,120.0,30.0,113.0,82.0,110.0,162.0,20.0,48.8,43.9,9057971.0
188,Kel'el Ware,20,MIA,C,64,36,1422,0.554,0.629,0.315,0.592,0.687,0.603,0.144,0.239,119.0,115.0,88.0,109.0,88.0,105.0,59.0,57.0,45.0,26.3,4231800.0
189,Tari Eason,23,HOU,PF,57,16,1420,0.487,0.557,0.342,0.543,0.76,0.567,0.186,0.329,104.0,102.0,95.0,100.0,97.0,98.0,77.0,78.0,-0.1,-10.9,3695160.0
190,Zach Edey,22,MEM,C,66,55,1416,0.58,0.612,0.346,0.6,0.709,0.624,0.293,0.12,124.0,112.0,96.0,111.0,91.0,108.0,121.0,29.0,49.7,46.6,5756880.0
191,T.J. McConnell,32,IND,PG,79,1,1415,0.519,0.537,0.306,0.531,0.74,0.547,0.123,0.079,111.0,99.0,85.0,98.0,95.0,95.0,51.0,19.0,-14.7,-38.1,9300000.0
192,Terance Mann,28,2TM,SG,67,13,1414,0.496,0.58,0.368,0.569,0.691,0.584,0.165,0.395,106.0,106.0,102.0,105.0,89.0,101.0,68.0,94.0,21.4,6.6,11423077.0
193,Ryan Dunn,22,PHO,SF,74,44,1410,0.43,0.577,0.311,0.516,0.487,0.517,0.082,0.553,92.0,106.0,86.0,95.0,62.0,90.0,34.0,131.0,-26.1,-58.5,2530800.0
194,Sam Merrill,28,CLE,SG,71,4,1401,0.406,0.625,0.372,0.567,0.966,0.583,0.068,0.868,87.0,115.0,103.0,104.0,124.0,101.0,28.0,206.0,20.5,5.7,2164993.0
195,Ayo Dosunmu,25,CHI,SG,46,26,1394,0.492,0.612,0.328,0.561,0.785,0.585,0.176,0.421,105.0,112.0,91.0,103.0,101.0,102.0,72.0,100.0,16.3,8.5,7000000.0
196,Ty Jerome,27,CLE,SG,70,3,1392,0.516,0.57,0.439,0.606,0.872,0.643,0.239,0.409,110.0,105.0,122.0,112.0,112.0,112.0,99.0,97.0,77.8,90.8,2560975.0
197,Julian Strawther,22,DEN,SG,65,4,1384,0.432,0.535,0.349,0.529,0.822,0.559,0.185,0.553,92.0,98.0,97.0,97.0,105.0,97.0,76.0,131.0,-13.9,-17.7,2552520.0
198,Nick Smith Jr.,20,CHO,SG,60,27,1369,0.391,0.45,0.34,0.482,0.935,0.502,0.081,0.539,84.0,83.0,94.0,89.0,120.0,87.0,33.0,128.0,-68.9,-86.9,2587200.0
199,Jaime Jaquez Jr.,23,MIA,SF,66,17,1368,0.461,0.513,0.311,0.501,0.754,0.543,0.307,0.258,99.0,94.0,86.0,92.0,97.0,94.0,127.0,61.0,-38.8,-34.4,3685800.0
200,Nicolas Batum,36,LAC,PF,78,8,1367,0.437,0.457,0.433,0.622,0.81,0.633,0.088,0.853,94.0,84.0,120.0,115.0,104.0,110.0,36.0,203.0,37.5,28.1,4668000.0
201,Jose Alvarado,26,NOP,PG,56,23,1366,0.392,0.439,0.359,0.498,0.811,0.523,0.142,0.593,84.0,80.0,100.0,92.0,104.0,91.0,58.0,141.0,-46.9,-58.9,1988598.0
202,Jeremy Sochan,21,SAS,PF,54,23,1364,0.535,0.59,0.308,0.565,0.696,0.589,0.267,0.194,115.0,108.0,85.0,104.0,89.0,102.0,110.0,46.0,20.6,13.2,5570040.0
203,Luke Kornet,29,BOS,C,73,16,1361,0.668,0.675,0.0,0.668,0.691,0.683,0.346,0.011,143.0,124.0,0.0,123.0,89.0,119.0,143.0,3.0,69.9,69.2,2087519.0
204,Trey Lyles,29,SAC,PF,69,5,1349,0.42,0.559,0.34,0.528,0.7,0.551,0.214,0.636,90.0,103.0,94.0,97.0,90.0,96.0,88.0,151.0,-11.2,-20.6,8000000.0
205,Jake LaRavia,23,2TM,PF,66,0,1349,0.475,0.513,0.423,0.564,0.678,0.591,0.341,0.421,102.0,94.0,117.0,104.0,87.0,103.0,141.0,100.0,13.9,11.3,3352680.0
206,Bogdan Bogdanović,32,2TM,SG,54,4,1348,0.427,0.517,0.363,0.534,0.879,0.559,0.134,0.587,91.0,95.0,101.0,98.0,113.0,97.0,55.0,139.0,-9.4,-17.5,17260000.0
207,Justin Champagnie,23,WAS,SF,62,31,1340,0.511,0.624,0.383,0.601,0.685,0.614,0.178,0.47,109.0,114.0,106.0,111.0,88.0,107.0,73.0,111.0,47.6,33.4,1800000.0
208,Paul George,34,PHI,PF,41,41,1334,0.43,0.493,0.358,0.514,0.814,0.543,0.17,0.47,92.0,91.0,99.0,95.0,104.0,94.0,70.0,112.0,-33.1,-41.0,49205800.0
209,Ausar Thompson,22,DET,SF,59,48,1328,0.535,0.572,0.224,0.547,0.641,0.568,0.309,0.107,114.0,105.0,62.0,101.0,82.0,99.0,127.0,25.0,3.4,-8.1,8376000.0
210,Donovan Clingan,20,POR,C,67,37,1324,0.539,0.582,0.286,0.56,0.596,0.574,0.311,0.147,115.0,107.0,79.0,103.0,76.0,100.0,128.0,35.0,11.2,-1.6,6836400.0
211,Jordan Hawkins,22,NOP,SG,56,9,1321,0.372,0.433,0.331,0.471,0.816,0.504,0.176,0.597,80.0,79.0,92.0,87.0,105.0,87.0,73.0,142.0,-79.9,-86.4,4525680.0
212,Tyrese Martin,25,BRK,SG,60,11,1315,0.406,0.492,0.351,0.513,0.793,0.533,0.125,0.606,87.0,90.0,97.0,94.0,102.0,93.0,51.0,144.0,-28.1,-42.3,635853.0
213,Mason Plumlee,34,PHO,C,74,21,1300,0.619,0.631,0.0,0.619,0.648,0.645,0.634,0.02,132.0,116.0,0.0,114.0,83.0,112.0,261.0,5.0,30.6,35.3,2087519.0
214,Jonathan Mogbo,23,TOR,PF,63,18,1286,0.438,0.486,0.243,0.462,0.732,0.496,0.23,0.197,94.0,89.0,67.0,85.0,94.0,86.0,95.0,47.0,-57.7,-62.8,1862265.0
215,Max Strus,28,CLE,SF,50,37,1273,0.442,0.65,0.386,0.594,0.824,0.607,0.091,0.786,95.0,119.0,107.0,109.0,106.0,105.0,38.0,187.0,37.9,23.9,15212068.0
216,Johnny Juzang,23,UTA,SG,64,18,1270,0.429,0.534,0.376,0.554,0.849,0.573,0.112,0.661,92.0,98.0,104.0,102.0,109.0,99.0,46.0,157.0,10.1,-3.3,3087519.0
217,Ron Holland,19,DET,SF,81,2,1266,0.474,0.608,0.238,0.517,0.754,0.556,0.293,0.363,101.0,111.0,66.0,95.0,97.0,96.0,121.0,86.0,-21.8,-19.2,8245320.0
218,Javonte Green,31,2TM,SG,68,19,1258,0.429,0.527,0.326,0.509,0.724,0.541,0.265,0.491,92.0,97.0,91.0,94.0,93.0,94.0,109.0,117.0,-19.7,-22.3,2328350.0
219,Nick Richards,27,2TM,C,57,43,1256,0.591,0.594,0.0,0.591,0.744,0.634,0.461,0.006,126.0,109.0,0.0,109.0,95.0,110.0,190.0,1.0,33.1,48.0,5000000.0
220,Dean Wade,28,CLE,PF,59,30,1252,0.413,0.653,0.36,0.561,0.533,0.563,0.111,0.819,88.0,120.0,100.0,103.0,68.0,98.0,46.0,195.0,9.7,-7.5,6166667.0
221,Ricky Council IV,23,PHI,SF,73,12,1250,0.382,0.488,0.258,0.442,0.804,0.502,0.33,0.46,82.0,90.0,72.0,81.0,103.0,87.0,136.0,109.0,-93.9,-79.1,1891857.0
222,Tidjane Salaün,19,CHO,PF,60,10,1244,0.33,0.4,0.283,0.414,0.713,0.457,0.272,0.594,71.0,73.0,79.0,76.0,91.0,79.0,112.0,141.0,-88.7,-92.2,7488720.0
223,Bobby Portis,29,MIL,PF,49,7,1244,0.466,0.508,0.365,0.52,0.836,0.542,0.123,0.299,100.0,93.0,101.0,96.0,107.0,94.0,51.0,71.0,-27.3,-42.7,12578286.0
224,Moussa Diabaté,23,CHO,C,71,8,1241,0.596,0.609,0.0,0.596,0.595,0.609,0.414,0.021,128.0,112.0,0.0,110.0,76.0,106.0,171.0,5.0,29.9,21.5,957763.0
225,Jeremiah Robinson-Earl,24,NOP,PF,66,9,1239,0.455,0.557,0.341,0.536,0.836,0.563,0.159,0.473,97.0,102.0,95.0,99.0,107.0,98.0,65.0,112.0,-4.9,-9.8,2196970.0
226,Simone Fontecchio,29,DET,SF,75,0,1237,0.402,0.507,0.335,0.504,0.833,0.544,0.225,0.609,86.0,93.0,93.0,93.0,107.0,94.0,93.0,145.0,-29.1,-26.4,7692308.0
227,Cole Anthony,24,ORL,PG,67,22,1234,0.424,0.471,0.353,0.494,0.823,0.531,0.208,0.401,91.0,86.0,98.0,91.0,106.0,92.0,86.0,95.0,-52.8,-53.0,12900000.0
228,Ben Sheppard,23,IND,SG,63,9,1228,0.418,0.591,0.342,0.537,0.889,0.555,0.094,0.693,89.0,108.0,95.0,99.0,114.0,96.0,39.0,165.0,-3.7,-12.4,2663880.0
229,Daniel Gafford,26,DAL,C,57,31,1226,0.702,0.702,0.0,0.702,0.689,0.716,0.486,0.0,150.0,129.0,0.0,129.0,88.0,124.0,200.0,0.0,128.3,137.2,13394160.0
230,John Collins,27,UTA,PF,40,31,1220,0.527,0.577,0.399,0.583,0.848,0.628,0.309,0.279,113.0,106.0,111.0,107.0,109.0,109.0,127.0,66.0,42.3,62.9,26580000.0
231,Caleb Martin,29,2TM,SF,45,24,1218,0.424,0.458,0.359,0.485,0.622,0.513,0.322,0.339,91.0,84.0,100.0,89.0,80.0,89.0,133.0,80.0,-35.2,-44.0,9186594.0
232,Kristaps Porziņģis,29,BOS,C,42,42,1210,0.483,0.537,0.412,0.572,0.809,0.618,0.347,0.436,103.0,99.0,114.0,105.0,104.0,107.0,143.0,103.0,33.6,55.6,29268293.0
233,Brandon Clarke,28,MEM,PF,64,18,1207,0.621,0.647,0.059,0.622,0.701,0.638,0.229,0.045,133.0,119.0,16.0,115.0,90.0,111.0,94.0,11.0,60.3,52.0,12500000.0
234,Deandre Ayton,26,POR,C,40,40,1206,0.566,0.594,0.188,0.573,0.667,0.583,0.128,0.068,121.0,109.0,52.0,105.0,85.0,101.0,53.0,16.0,27.7,6.3,34005126.0
235,Jarace Walker,21,IND,PF,75,5,1187,0.472,0.543,0.405,0.576,0.667,0.59,0.192,0.514,101.0,100.0,113.0,106.0,85.0,102.0,79.0,122.0,24.0,11.2,6362520.0
236,Clint Capela,30,ATL,C,55,41,1176,0.559,0.56,0.0,0.559,0.536,0.564,0.249,0.003,120.0,103.0,0.0,103.0,69.0,98.0,102.0,1.0,12.4,-10.6,22265280.0
237,Cody Martin,29,2TM,SF,53,8,1173,0.418,0.534,0.285,0.485,0.705,0.509,0.188,0.465,90.0,98.0,79.0,89.0,90.0,88.0,77.0,110.0,-38.0,-47.5,8120000.0
238,Mark Williams,23,CHO,C,44,41,1171,0.604,0.609,0.0,0.604,0.804,0.647,0.365,0.009,129.0,112.0,0.0,111.0,103.0,112.0,150.0,2.0,54.5,73.2,4094280.0
239,Precious Achiuwa,25,NYK,C,57,10,1170,0.502,0.529,0.278,0.517,0.594,0.53,0.211,0.11,107.0,97.0,77.0,95.0,76.0,92.0,87.0,26.0,-17.2,-32.8,6000000.0
240,Nikola Jović,21,MIA,PF,46,10,1156,0.456,0.563,0.371,0.56,0.828,0.595,0.231,0.557,98.0,103.0,103.0,103.0,106.0,103.0,95.0,132.0,12.5,15.4,2464200.0
241,Justin Edwards,21,PHI,SF,44,26,1155,0.455,0.548,0.363,0.546,0.696,0.559,0.122,0.503,97.0,101.0,101.0,101.0,89.0,97.0,50.0,119.0,2.4,-13.9,425619.0
242,Vit Krejci,24,ATL,PG,57,16,1153,0.497,0.64,0.437,0.651,0.711,0.661,0.154,0.705,106.0,117.0,121.0,120.0,91.0,115.0,63.0,168.0,62.8,52.7,2162606.0
243,Jonathan Kuminga,22,GSW,PF,47,10,1144,0.454,0.508,0.305,0.495,0.668,0.535,0.414,0.266,97.0,93.0,85.0,91.0,86.0,93.0,170.0,63.0,-54.9,-54.7,7636307.0
244,Kevon Looney,28,GSW,C,76,6,1142,0.514,0.516,0.4,0.518,0.566,0.535,0.356,0.018,110.0,95.0,111.0,95.0,73.0,93.0,147.0,4.0,-13.9,-26.6,8000000.0
245,Kenrich Williams,30,OKC,PF,69,7,1132,0.483,0.574,0.386,0.576,0.718,0.587,0.11,0.483,103.0,105.0,107.0,106.0,92.0,102.0,45.0,115.0,23.5,8.3,6669000.0
246,Julian Phillips,21,CHI,SF,79,5,1123,0.446,0.582,0.327,0.533,0.789,0.571,0.265,0.533,95.0,107.0,91.0,98.0,101.0,99.0,109.0,127.0,-5.7,-3.3,1891857.0
247,Aaron Nesmith,25,IND,SF,45,37,1123,0.507,0.587,0.431,0.617,0.913,0.653,0.211,0.515,108.0,108.0,120.0,114.0,117.0,113.0,87.0,122.0,56.4,63.7,11000000.0
248,Dalano Banton,25,POR,PG,67,7,1120,0.391,0.442,0.324,0.462,0.728,0.497,0.247,0.438,84.0,81.0,90.0,85.0,93.0,86.0,102.0,104.0,-82.7,-88.6,2196970.0
249,Ben Simmons,28,2TM,PG,51,24,1120,0.52,0.52,0.0,0.52,0.727,0.539,0.148,0.0,111.0,95.0,0.0,96.0,93.0,94.0,61.0,0.0,-10.2,-17.7,40011909.0
250,Ja'Kobe Walter,20,TOR,SG,52,18,1103,0.405,0.454,0.349,0.487,0.795,0.523,0.211,0.473,87.0,83.0,97.0,90.0,102.0,91.0,87.0,112.0,-43.9,-46.0,3465000.0
251,Jaxson Hayes,24,LAL,C,56,35,1093,0.722,0.732,0.0,0.722,0.622,0.72,0.439,0.013,155.0,134.0,0.0,133.0,80.0,125.0,181.0,3.0,79.8,76.3,2463946.0
252,Cameron Payne,30,NYK,PG,72,5,1090,0.401,0.453,0.363,0.506,0.907,0.532,0.121,0.574,86.0,83.0,101.0,93.0,116.0,92.0,50.0,136.0,-33.4,-41.3,2087519.0
253,Jonathan Isaac,27,ORL,PF,71,1,1090,0.414,0.549,0.258,0.474,0.682,0.512,0.33,0.466,89.0,101.0,72.0,87.0,87.0,89.0,136.0,111.0,-44.9,-47.6,25000000.0
254,DaQuan Jeffries,27,CHO,SG,47,20,1071,0.405,0.496,0.335,0.5,0.8,0.518,0.103,0.564,87.0,91.0,93.0,92.0,103.0,90.0,42.0,134.0,-25.1,-35.6,2425404.0
255,Jusuf Nurkić,30,2TM,C,51,32,1063,0.477,0.551,0.305,0.523,0.664,0.555,0.364,0.298,102.0,101.0,85.0,96.0,85.0,96.0,150.0,71.0,-14.3,-17.5,18125000.0
256,Seth Curry,34,CHO,SG,68,14,1062,0.478,0.503,0.456,0.599,0.846,0.616,0.114,0.531,102.0,92.0,127.0,110.0,109.0,107.0,47.0,126.0,38.5,29.0,2087519.0
257,Cody Williams,20,UTA,SG,50,21,1060,0.323,0.393,0.259,0.391,0.725,0.419,0.156,0.525,69.0,72.0,72.0,72.0,93.0,73.0,64.0,125.0,-78.1,-86.4,5469120.0
258,Isaac Okoro,24,CLE,SG,55,22,1053,0.464,0.586,0.371,0.569,0.717,0.587,0.172,0.566,99.0,108.0,103.0,105.0,92.0,102.0,71.0,134.0,14.0,6.0,10185186.0
259,Oso Ighodaro,22,PHO,PF,61,6,1045,0.604,0.611,0.0,0.604,0.58,0.61,0.267,0.011,129.0,112.0,0.0,111.0,74.0,106.0,110.0,3.0,22.9,14.2,1157153.0
260,Jared Butler,24,2TM,SG,60,17,1044,0.448,0.504,0.355,0.514,0.824,0.549,0.201,0.373,96.0,92.0,99.0,95.0,106.0,95.0,83.0,89.0,-26.1,-27.1,745726.0
261,Jamison Battle,23,TOR,SF,59,10,1042,0.429,0.5,0.405,0.581,0.889,0.59,0.052,0.746,92.0,92.0,113.0,107.0,114.0,102.0,21.0,177.0,26.1,10.0,1000000.0
262,Noah Clowney,20,BRK,PF,46,20,1042,0.358,0.414,0.333,0.474,0.838,0.516,0.215,0.702,77.0,76.0,93.0,87.0,107.0,90.0,89.0,167.0,-51.0,-49.2,3244080.0
263,Alex Caruso,30,OKC,SG,54,3,1041,0.446,0.556,0.353,0.541,0.824,0.568,0.162,0.541,95.0,102.0,98.0,100.0,106.0,99.0,67.0,129.0,-1.0,-5.7,9890000.0
264,Kris Murray,24,POR,SF,69,6,1040,0.419,0.566,0.225,0.468,0.456,0.472,0.204,0.43,90.0,104.0,62.0,86.0,58.0,82.0,84.0,102.0,-42.0,-63.4,2990040.0
265,Kyle Anderson,31,2TM,PF,61,4,1002,0.469,0.502,0.357,0.51,0.738,0.538,0.215,0.231,100.0,92.0,99.0,94.0,95.0,93.0,88.0,55.0,-20.1,-25.1,8780488.0
266,Brandon Boston Jr.,23,NOP,SG,42,10,993,0.436,0.485,0.35,0.5,0.788,0.535,0.223,0.367,93.0,89.0,97.0,92.0,101.0,93.0,92.0,87.0,-32.8,-34.2,596581.0
267,Dalen Terry,22,CHI,SG,73,5,987,0.448,0.506,0.356,0.517,0.71,0.546,0.257,0.388,96.0,93.0,99.0,95.0,91.0,95.0,106.0,92.0,-14.1,-17.8,3510480.0
268,Andre Jackson Jr.,23,MIL,SG,67,43,980,0.477,0.529,0.395,0.553,0.5,0.554,0.122,0.386,102.0,97.0,110.0,102.0,64.0,96.0,50.0,92.0,4.0,-9.2,1891857.0
269,Zach Collins,27,2TM,PF,64,12,977,0.507,0.617,0.302,0.56,0.885,0.605,0.258,0.351,108.0,113.0,84.0,103.0,113.0,105.0,106.0,83.0,10.0,19.4,16741200.0
270,Trayce Jackson-Davis,24,GSW,C,62,37,967,0.576,0.582,0.0,0.576,0.578,0.587,0.338,0.01,123.0,107.0,0.0,106.0,74.0,102.0,139.0,2.0,20.0,7.3,1891857.0
271,Thomas Bryant,27,2TM,C,66,8,963,0.508,0.665,0.324,0.583,0.859,0.614,0.199,0.461,109.0,122.0,90.0,107.0,110.0,107.0,82.0,109.0,25.4,26.7,2087519.0
272,Jalen Smith,24,CHI,C,64,2,962,0.466,0.634,0.324,0.554,0.809,0.586,0.218,0.544,100.0,116.0,90.0,102.0,104.0,102.0,90.0,129.0,8.9,8.7,8571429.0
273,Gary Payton II,32,GSW,SG,62,11,927,0.574,0.69,0.326,0.626,0.711,0.635,0.128,0.319,123.0,127.0,91.0,115.0,91.0,110.0,53.0,76.0,49.3,37.3,9130000.0
274,Bruce Brown,28,2TM,PG,41,12,922,0.421,0.452,0.333,0.464,0.815,0.504,0.21,0.262,90.0,83.0,93.0,86.0,105.0,87.0,87.0,62.0,-48.6,-49.1,23000000.0
275,Trendon Watford,24,BRK,PF,44,6,913,0.469,0.515,0.33,0.51,0.762,0.557,0.349,0.251,100.0,95.0,91.0,94.0,98.0,97.0,144.0,60.0,-23.1,-15.2,2726603.0
276,KJ Martin,24,2TM,PF,43,16,912,0.552,0.671,0.259,0.59,0.787,0.618,0.234,0.289,118.0,123.0,72.0,109.0,101.0,107.0,96.0,69.0,18.7,18.5,7975000.0
277,Jaden Hardy,22,DAL,SG,57,3,907,0.435,0.479,0.386,0.527,0.698,0.549,0.208,0.476,93.0,88.0,107.0,97.0,89.0,95.0,86.0,113.0,-13.7,-24.7,2019699.0
278,Day'Ron Sharpe,23,BRK,C,50,2,907,0.521,0.566,0.244,0.538,0.757,0.568,0.233,0.142,111.0,104.0,68.0,99.0,97.0,99.0,96.0,34.0,-3.3,-5.8,3989122.0
279,Adem Bona,21,PHI,C,58,11,905,0.703,0.707,0.0,0.703,0.67,0.714,0.521,0.005,150.0,130.0,0.0,129.0,86.0,124.0,214.0,1.0,61.5,65.0,1157153.0
280,Tre Jones,25,2TM,PG,46,9,905,0.538,0.574,0.396,0.578,0.821,0.617,0.282,0.202,115.0,105.0,110.0,106.0,105.0,107.0,116.0,48.0,16.5,21.8,9104167.0
281,Kelly Olynyk,33,2TM,C,44,22,891,0.5,0.534,0.418,0.562,0.769,0.609,0.403,0.295,107.0,98.0,116.0,103.0,99.0,106.0,166.0,70.0,9.9,20.4,12804878.0
282,Neemias Queta,25,BOS,C,62,6,863,0.65,0.66,0.0,0.65,0.754,0.674,0.3,0.015,139.0,121.0,0.0,120.0,97.0,117.0,124.0,4.0,43.5,45.1,2162606.0
283,Alec Burks,33,MIA,SG,49,14,863,0.424,0.422,0.425,0.587,0.776,0.608,0.181,0.764,91.0,77.0,118.0,108.0,99.0,106.0,74.0,181.0,23.7,18.9,2087519.0
284,Chris Boucher,32,TOR,PF,50,0,862,0.492,0.633,0.363,0.586,0.782,0.615,0.235,0.522,105.0,116.0,101.0,108.0,100.0,107.0,97.0,124.0,32.1,31.5,10810000.0
285,Shake Milton,28,2TM,SG,57,2,837,0.453,0.52,0.358,0.528,0.797,0.563,0.232,0.417,97.0,95.0,100.0,97.0,102.0,98.0,96.0,99.0,-7.9,-7.7,2875000.0
286,Garrison Mathews,28,ATL,SG,47,2,830,0.397,0.436,0.39,0.562,0.821,0.606,0.304,0.848,85.0,80.0,108.0,104.0,105.0,105.0,125.0,201.0,9.9,17.3,2230253.0
287,Cam Whitmore,20,HOU,SF,51,3,827,0.444,0.518,0.355,0.525,0.75,0.549,0.179,0.454,95.0,95.0,99.0,97.0,96.0,95.0,74.0,108.0,-14.7,-23.9,3379080.0
288,Ryan Rollins,22,MIL,PG,56,19,820,0.487,0.55,0.408,0.577,0.8,0.6,0.166,0.443,104.0,101.0,113.0,106.0,103.0,104.0,68.0,105.0,18.7,13.9,1091887.0
289,Marcus Sasser,24,DET,PG,57,1,811,0.463,0.549,0.382,0.561,0.843,0.589,0.172,0.514,99.0,101.0,106.0,103.0,108.0,102.0,71.0,122.0,10.5,8.0,2755080.0
290,Steven Adams,31,HOU,C,58,3,794,0.545,0.552,0.0,0.545,0.462,0.541,0.557,0.012,117.0,101.0,0.0,100.0,59.0,94.0,229.0,3.0,0.6,-14.6,12600000.0
291,Aaron Holiday,28,HOU,PG,62,3,792,0.437,0.517,0.398,0.571,0.829,0.594,0.153,0.675,93.0,95.0,110.0,105.0,106.0,103.0,63.0,160.0,14.9,10.4,4668000.0
292,Karlo Matković,23,NOP,PF,42,7,791,0.574,0.675,0.318,0.619,0.773,0.639,0.187,0.281,123.0,124.0,88.0,114.0,99.0,111.0,77.0,67.0,35.8,31.9,1407153.0
293,Caleb Houstan,22,ORL,SF,58,6,788,0.421,0.533,0.4,0.589,0.882,0.605,0.089,0.842,90.0,98.0,111.0,109.0,113.0,105.0,37.0,200.0,17.6,11.4,2019699.0
294,Vasilije Micić,31,2TM,PG,41,16,785,0.348,0.338,0.36,0.43,0.829,0.462,0.15,0.458,74.0,62.0,100.0,79.0,106.0,80.0,62.0,109.0,-61.5,-66.4,7723000.0
295,Jaylin Williams,22,OKC,PF,47,9,784,0.439,0.529,0.399,0.577,0.767,0.594,0.136,0.692,94.0,97.0,111.0,106.0,98.0,103.0,56.0,164.0,15.0,8.1,2019699.0
296,Pelle Larsson,23,MIA,SG,55,8,782,0.438,0.528,0.337,0.517,0.672,0.546,0.3,0.468,94.0,97.0,94.0,95.0,86.0,95.0,124.0,111.0,-10.5,-13.9,1157153.0
297,Lindy Waters III,27,2TM,SG,52,9,778,0.369,0.444,0.344,0.498,0.727,0.504,0.044,0.747,79.0,82.0,96.0,92.0,93.0,88.0,18.0,177.0,-22.5,-36.5,2196970.0
298,Orlando Robinson,24,2TM,C,44,8,770,0.444,0.474,0.327,0.477,0.771,0.519,0.268,0.199,95.0,87.0,91.0,88.0,99.0,90.0,110.0,47.0,-34.5,-33.2,1691610.0
299,Gui Santos,22,GSW,PF,56,2,762,0.458,0.632,0.33,0.553,0.69,0.575,0.235,0.575,98.0,116.0,92.0,102.0,89.0,100.0,97.0,137.0,3.6,-0.6,1891857.0
300,Landry Shamet,27,NYK,SG,50,0,762,0.461,0.595,0.397,0.596,0.667,0.601,0.078,0.678,99.0,109.0,110.0,110.0,85.0,104.0,32.0,161.0,24.2,11.8,1343690.0
301,Andre Drummond,31,PHI,C,40,23,751,0.5,0.533,0.15,0.506,0.622,0.535,0.385,0.085,107.0,98.0,42.0,93.0,80.0,93.0,158.0,20.0,-17.2,-22.3,5000000.0
302,Jabari Walker,22,POR,SF,60,1,749,0.515,0.573,0.389,0.576,0.69,0.601,0.31,0.314,110.0,105.0,108.0,106.0,88.0,104.0,128.0,75.0,15.3,13.1,2019699.0
303,Jay Huff,26,MEM,C,64,2,748,0.515,0.724,0.405,0.648,0.786,0.666,0.184,0.656,110.0,133.0,112.0,119.0,101.0,116.0,76.0,156.0,63.7,59.1,2088033.0
304,Drew Eubanks,27,2TM,C,61,4,746,0.593,0.596,0.5,0.601,0.662,0.622,0.366,0.031,127.0,109.0,139.0,111.0,85.0,108.0,151.0,7.0,22.3,20.4,5000000.0
305,Talen Horton-Tucker,24,CHI,SG,58,0,724,0.457,0.544,0.336,0.527,0.735,0.567,0.337,0.419,98.0,100.0,93.0,97.0,94.0,98.0,139.0,100.0,-9.1,-6.0,2087519.0
306,Gary Harris,30,ORL,SG,48,3,711,0.383,0.469,0.356,0.519,0.583,0.524,0.09,0.759,82.0,86.0,99.0,96.0,75.0,91.0,37.0,180.0,-6.5,-14.4,7500000.0
307,Jett Howard,21,ORL,SF,60,0,701,0.374,0.566,0.296,0.479,0.696,0.491,0.088,0.71,80.0,104.0,82.0,88.0,89.0,85.0,36.0,169.0,-33.6,-46.6,5278320.0
308,DeAndre Jordan,36,DEN,C,56,5,691,0.65,0.65,0.0,0.65,0.422,0.621,0.457,0.0,139.0,119.0,0.0,120.0,54.0,108.0,188.0,0.0,29.9,15.2,2087519.0
309,Quinten Post,24,GSW,PF,42,14,686,0.449,0.526,0.408,0.582,0.778,0.595,0.099,0.653,96.0,97.0,113.0,107.0,100.0,103.0,41.0,155.0,21.4,10.6,438920.0
310,Blake Wesley,21,SAS,SG,58,0,683,0.435,0.5,0.293,0.481,0.623,0.51,0.328,0.312,93.0,92.0,81.0,89.0,80.0,88.0,135.0,74.0,-23.0,-28.3,2624280.0
311,Sandro Mamukelashvili,25,SAS,PF,61,0,681,0.502,0.675,0.373,0.609,0.741,0.628,0.206,0.573,107.0,124.0,103.0,112.0,95.0,109.0,85.0,136.0,36.8,31.8,2087519.0
312,Jalen Pickett,25,DEN,SG,49,4,666,0.428,0.468,0.396,0.539,0.75,0.545,0.044,0.561,92.0,86.0,110.0,99.0,96.0,95.0,18.0,133.0,-1.5,-11.5,1891857.0
313,Antonio Reeves,24,NOP,SG,44,6,660,0.456,0.521,0.395,0.558,0.8,0.579,0.141,0.52,98.0,96.0,110.0,103.0,103.0,100.0,58.0,124.0,7.6,1.5,1157153.0
314,Reed Sheppard,20,HOU,PG,52,3,654,0.351,0.371,0.338,0.452,0.813,0.465,0.067,0.594,75.0,68.0,94.0,83.0,104.0,81.0,28.0,141.0,-43.6,-54.5,10098960.0
315,Delon Wright,32,2TM,PG,40,7,635,0.344,0.431,0.274,0.42,0.6,0.44,0.191,0.557,74.0,79.0,76.0,77.0,77.0,76.0,79.0,132.0,-32.3,-38.6,2087519.0
316,Jericho Sims,26,2TM,C,53,5,632,0.634,0.634,0.0,0.634,0.615,0.639,0.183,0.0,136.0,116.0,0.0,117.0,79.0,111.0,75.0,0.0,12.8,9.6,2092344.0
317,Josh Okogie,26,2TM,SG,40,7,625,0.443,0.517,0.348,0.519,0.741,0.567,0.401,0.434,95.0,95.0,97.0,96.0,95.0,98.0,165.0,103.0,-10.2,-4.4,8250000.0
320,Zeke Nnaji,24,DEN,PF,57,4,608,0.496,0.596,0.327,0.557,0.614,0.574,0.312,0.369,106.0,109.0,91.0,103.0,79.0,100.0,128.0,88.0,3.9,-0.8,8888889.0
322,Pat Connaughton,32,MIL,SG,41,1,603,0.469,0.594,0.321,0.542,0.774,0.567,0.175,0.458,100.0,109.0,89.0,100.0,99.0,98.0,72.0,109.0,-0.2,-3.7,9423869.0
323,Jae'Sean Tate,29,HOU,SF,52,2,588,0.473,0.529,0.348,0.527,0.681,0.557,0.318,0.311,101.0,97.0,97.0,97.0,87.0,97.0,131.0,74.0,-4.7,-6.4,7565217.0
324,Olivier-Maxence Prosper,22,DAL,PF,52,4,584,0.402,0.472,0.235,0.437,0.645,0.484,0.437,0.293,86.0,87.0,65.0,80.0,83.0,84.0,180.0,70.0,-37.0,-38.0,2870400.0
325,Monte Morris,29,PHO,PG,45,0,571,0.426,0.477,0.36,0.505,0.857,0.546,0.215,0.441,91.0,88.0,100.0,93.0,110.0,95.0,89.0,105.0,-14.8,-13.0,2087519.0
326,John Konchar,28,MEM,SG,46,4,558,0.451,0.621,0.371,0.577,0.875,0.592,0.088,0.681,96.0,114.0,103.0,106.0,112.0,103.0,36.0,162.0,6.2,3.1,6165000.0
327,Dwight Powell,33,DAL,C,55,3,551,0.689,0.714,0.4,0.705,0.651,0.713,0.705,0.082,147.0,131.0,111.0,130.0,84.0,124.0,290.0,19.0,19.7,21.9,4000000.0
328,Dillon Jones,23,OKC,SF,54,3,551,0.383,0.5,0.254,0.444,0.607,0.464,0.211,0.474,82.0,92.0,71.0,82.0,78.0,81.0,87.0,112.0,-26.5,-32.5,2622360.0
329,Jaylen Clark,23,MIN,SG,40,4,522,0.467,0.493,0.431,0.558,0.784,0.598,0.308,0.425,100.0,90.0,120.0,103.0,101.0,104.0,127.0,101.0,3.7,6.0,492323.0
330,Rob Dillingham,20,MIN,PG,49,1,516,0.441,0.496,0.338,0.5,0.533,0.503,0.071,0.351,94.0,91.0,94.0,92.0,68.0,87.0,29.0,83.0,-18.2,-31.8,6262920.0
331,Craig Porter Jr.,24,CLE,PG,51,1,513,0.514,0.554,0.438,0.589,0.719,0.61,0.229,0.343,110.0,102.0,121.0,109.0,92.0,106.0,94.0,81.0,12.9,10.4,1891857.0
332,Jock Landale,29,HOU,C,42,3,500,0.533,0.556,0.423,0.569,0.675,0.59,0.263,0.171,114.0,102.0,117.0,105.0,87.0,102.0,108.0,41.0,7.9,4.6,8000000.0
333,Duop Reath,28,POR,C,46,0,469,0.422,0.6,0.321,0.524,0.909,0.552,0.133,0.639,90.0,110.0,89.0,97.0,117.0,96.0,55.0,152.0,-6.3,-8.4,2048780.0
335,Rayan Rupert,20,POR,SG,52,0,460,0.408,0.506,0.271,0.465,0.767,0.499,0.211,0.415,87.0,93.0,75.0,86.0,98.0,87.0,87.0,99.0,-22.2,-23.8,1891857.0
336,Jaylon Tyson,22,CLE,SG,47,3,453,0.43,0.484,0.345,0.497,0.792,0.523,0.161,0.389,92.0,89.0,96.0,91.0,102.0,91.0,66.0,92.0,-13.8,-16.9,3326160.0
337,Paul Reed,25,DET,C,45,0,438,0.507,0.561,0.286,0.535,0.762,0.573,0.296,0.197,109.0,103.0,79.0,99.0,98.0,99.0,122.0,47.0,-2.2,-0.9,3913234.0
338,Malaki Branham,21,SAS,SG,47,0,427,0.458,0.5,0.405,0.547,0.818,0.575,0.174,0.442,98.0,92.0,112.0,101.0,105.0,100.0,72.0,105.0,1.6,-0.7,3217920.0
339,Jordan Walsh,20,BOS,PF,52,1,403,0.361,0.536,0.273,0.452,0.583,0.464,0.145,0.663,77.0,98.0,76.0,83.0,75.0,81.0,60.0,157.0,-15.1,-19.7,1891857.0
340,Hunter Tyson,24,DEN,PF,51,2,400,0.375,0.478,0.311,0.471,0.75,0.506,0.233,0.617,80.0,88.0,86.0,87.0,96.0,88.0,96.0,146.0,-17.3,-18.5,1891857.0
341,Anthony Gill,32,WAS,PF,51,0,397,0.489,0.579,0.323,0.545,0.66,0.586,0.568,0.352,105.0,106.0,90.0,100.0,85.0,102.0,234.0,84.0,0.4,2.2,2237691.0
342,Alex Len,31,2TM,C,46,7,380,0.508,0.556,0.222,0.524,0.471,0.525,0.27,0.143,109.0,102.0,62.0,96.0,60.0,91.0,111.0,34.0,-2.4,-7.2,2831348.0
343,Johnny Furphy,20,IND,SG,50,0,379,0.38,0.476,0.3,0.462,0.818,0.506,0.239,0.543,81.0,87.0,83.0,85.0,105.0,88.0,98.0,129.0,-14.9,-14.2,1850842.0
344,Jaden Springer,22,2TM,SG,43,2,365,0.389,0.548,0.25,0.456,0.711,0.511,0.422,0.533,83.0,100.0,69.0,84.0,91.0,89.0,174.0,127.0,-15.7,-14.0,4772772.0
345,Doug McDermott,33,SAC,SF,42,3,342,0.427,0.375,0.436,0.615,0.6,0.617,0.043,0.863,91.0,69.0,121.0,113.0,77.0,107.0,18.0,205.0,16.9,9.6,2087519.0
346,Tristan Thompson,33,CLE,C,40,0,328,0.437,0.456,0.0,0.437,0.233,0.41,0.423,0.042,93.0,84.0,0.0,80.0,30.0,71.0,174.0,10.0,-15.1,-28.0,2087519.0
347,Jordan McLaughlin,28,2TM,PG,46,0,314,0.431,0.462,0.413,0.563,0.773,0.6,0.306,0.639,92.0,85.0,115.0,104.0,99.0,104.0,126.0,152.0,2.8,3.9,2087519.0
348,Isaac Jones,24,SAC,PF,40,0,304,0.651,0.68,0.375,0.669,0.639,0.678,0.434,0.096,139.0,125.0,104.0,123.0,82.0,118.0,179.0,23.0,20.9,20.1,152957.0
349,Tyler Kolek,23,NYK,PG,41,0,296,0.329,0.371,0.298,0.415,0.765,0.453,0.207,0.573,70.0,68.0,83.0,76.0,98.0,79.0,85.0,136.0,-21.1,-22.1,2087519.0
350,Josh Minott,22,MIN,SF,46,0,276,0.489,0.638,0.326,0.567,0.895,0.605,0.211,0.478,105.0,117.0,90.0,104.0,115.0,105.0,87.0,113.0,4.2,5.7,2019699.0
351,Kobe Brown,25,LAC,PF,40,0,272,0.458,0.587,0.231,0.5,0.714,0.513,0.097,0.361,98.0,108.0,64.0,92.0,92.0,89.0,40.0,86.0,-6.2,-9.5,2533920.0
