Rk,Player,Age,Team,Pos,G,GS,MP,FG%,2P%,3P%,eFG%,FT%,TS%,FTr,3PAr,FG+,2P+,3P+,eFG+,FT+,TS+,FTr+,3PAr+,FG Add,TS Add,Awards,-9999
1,Mikal Bridges,28,NYK,SF,82,82,3036,.500,.594,.354,.570,.814,.585,.100,.391,107,109,98,105,104,101,41,93,63.1,20.9,,bridgmi01
2,Josh Hart,29,NYK,SG,77,77,2897,.525,.618,.333,.579,.776,.611,.266,.327,112,113,93,107,99,106,110,78,55.7,59.7,,hartjo01
3,Anthony Edwards,23,MIN,SG,79,79,2871,.447,.501,.395,.547,.837,.595,.308,.503,96,92,110,101,107,103,127,119,11.2,67.9,,edwaran01
4,Devin Booker,28,PHO,SG,75,75,2795,.461,.542,.332,.525,.894,.589,.340,.388,99,99,92,97,115,102,140,92,-51.3,41.7,,bookede01
5,James Harden,35,LAC,PG,79,79,2789,.410,.472,.352,.501,.874,.582,.446,.516,88,87,98,92,112,101,184,122,-109.5,16.6,,hardeja01
6,DeMar DeRozan,35,SAC,SF,77,77,2768,.477,.513,.328,.509,.857,.569,.337,.196,102,94,91,94,110,99,139,46,-88.7,-20.9,,derozde01
7,Trae Young,26,ATL,PG,76,76,2739,.411,.474,.340,.491,.875,.567,.408,.467,88,87,94,90,112,98,168,111,-144.5,-29.1,,youngtr01
8,Tyler Herro,25,MIA,SG,77,77,2725,.472,.565,.375,.563,.878,.605,.237,.486,101,104,104,104,113,105,98,115,56.3,86.2,,herroty01
9,OG Anunoby,27,NYK,PF,74,74,2706,.476,.561,.372,.559,.810,.591,.220,.448,102,103,103,103,104,103,91,106,33.5,33.9,,anunoog01
10,Jalen Green,22,HOU,SG,82,82,2697,.423,.482,.354,.505,.813,.544,.234,.460,91,88,98,93,104,94,96,109,-110.8,-103.3,,greenja05
11,Christian Braun,23,DEN,SG,79,77,2675,.580,.648,.397,.634,.827,.665,.261,.273,124,119,110,117,106,115,107,65,149.3,163.4,,braunch01
12,Bam Adebayo,27,MIA,C,78,78,2674,.485,.517,.357,.521,.765,.561,.295,.199,104,95,99,96,98,97,121,47,-49.9,-38.9,,adebaba01
13,Ivica Zubac,27,LAC,C,80,80,2624,.628,.628,,.628,.661,.641,.251,.000,135,115,,116,85,111,103,0,160.9,134.8,,zubaciv01
14,Jayson Tatum,26,BOS,PF,72,72,2624,.452,.559,.343,.537,.814,.582,.300,.497,97,103,95,99,104,101,124,118,-17.2,20.7,,tatumja01
15,Jaden McDaniels,24,MIN,PF,82,82,2614,.477,.561,.330,.537,.813,.562,.153,.363,102,103,92,99,104,97,63,86,-9.8,-26.0,,mcdanja02
16,Keegan Murray,24,SAC,PF,76,76,2610,.444,.566,.343,.538,.833,.553,.088,.548,95,104,95,99,107,96,36,130,-8.6,-39.5,,murrake02
17,Zach LaVine,29,2TM,SF,74,74,2602,.511,.562,.446,.609,.825,.639,.233,.438,109,103,124,112,106,111,96,104,160.6,170.1,,lavinza01
17,Zach LaVine,29,CHI,SF,42,42,1432,.511,.560,.446,.607,.797,.637,.256,.430,109,103,124,112,102,111,106,102,90.8,96.5,,lavinza01
17,Zach LaVine,29,SAC,SG,32,32,1170,.511,.564,.446,.611,.874,.642,.201,.450,109,103,124,113,112,111,83,107,69.8,73.6,,lavinza01
18,Shai Gilgeous-Alexander,26,OKC,PG,76,76,2598,.519,.571,.375,.569,.898,.637,.404,.263,111,105,104,105,115,111,166,62,84.4,236.4,,gilgesh01
19,Michael Porter Jr.,26,DEN,SF,77,77,2593,.504,.599,.395,.596,.768,.617,.185,.467,108,110,110,110,98,107,76,111,110.7,91.9,,portemi01
20,Derrick White,30,BOS,SG,76,76,2574,.442,.593,.384,.580,.839,.606,.168,.721,95,109,106,107,108,105,69,171,71.4,61.2,,whitede01
21,Dyson Daniels,21,ATL,SG,76,76,2571,.493,.545,.340,.536,.593,.545,.152,.255,106,100,95,99,76,95,62,60,-12.5,-61.6,,daniedy01
22,Nikola Jokić,29,DEN,C,70,70,2571,.576,.627,.417,.627,.800,.663,.331,.243,123,115,116,115,103,115,136,58,228.5,270.5,,jokicni01
23,Austin Reaves,26,LAL,SG,73,73,2550,.460,.547,.377,.556,.877,.616,.353,.512,98,100,105,102,112,107,145,122,27.7,94.4,,reaveau01
24,Toumani Camara,24,POR,PF,78,78,2548,.458,.542,.375,.552,.722,.572,.176,.503,98,99,104,102,93,99,72,119,13.3,-7.0,,camarto01
25,Pascal Siakam,30,IND,PF,78,78,2548,.519,.568,.389,.572,.734,.599,.261,.274,111,104,108,105,94,104,107,65,68.2,59.7,,siakapa01
26,Brook Lopez,36,MIL,C,80,80,2546,.509,.636,.373,.599,.826,.624,.178,.482,109,117,103,110,106,108,73,114,86.3,79.1,,lopezbr01
27,Karl-Anthony Towns,29,NYK,C,72,72,2517,.526,.567,.420,.584,.829,.630,.337,.278,113,104,117,108,106,109,139,66,100.3,151.5,,townska01
28,Bub Carrington,19,WAS,PG,82,57,2458,.401,.475,.339,.493,.812,.514,.114,.544,86,87,94,91,104,89,47,129,-74.4,-98.1,,carrica01
29,Cade Cunningham,23,DET,PG,70,70,2452,.469,.515,.356,.521,.846,.565,.254,.287,100,94,99,96,108,98,105,68,-65.5,-36.6,,cunnica01
30,Tyrese Haliburton,24,IND,PG,73,73,2451,.473,.581,.388,.582,.851,.616,.221,.559,101,107,108,107,109,107,91,133,77.3,87.1,,halibty01
31,Coby White,24,CHI,SG,74,73,2450,.453,.544,.370,.550,.902,.601,.274,.521,97,100,103,101,116,104,113,124,14.4,61.5,,whiteco01
32,LeBron James,40,LAL,SF,70,70,2444,.513,.574,.376,.571,.782,.604,.261,.312,110,105,104,105,100,105,107,74,71.6,78.6,,jamesle01
33,Domantas Sabonis,28,SAC,C,70,70,2429,.590,.627,.417,.627,.754,.655,.324,.175,126,115,116,115,97,114,133,41,149.1,161.4,,sabondo01
34,Jamal Murray,27,DEN,PG,67,67,2418,.474,.518,.393,.543,.886,.584,.219,.354,101,95,109,100,114,101,90,84,0.4,19.4,,murraja01
35,Alperen Şengün,22,HOU,C,76,76,2395,.496,.519,.233,.505,.692,.545,.374,.079,106,95,65,93,89,95,154,19,-86.5,-83.2,,sengual01
36,Dillon Brooks,29,HOU,SF,75,75,2388,.429,.465,.397,.533,.818,.555,.135,.524,92,85,110,98,105,96,56,124,-18.1,-39.7,,brookdi01
37,Rudy Gobert,32,MIN,C,72,72,2388,.669,.669,,.669,.674,.687,.535,.000,143,123,,123,86,119,220,0,128.1,139.9,,goberru01
38,Tobias Harris,32,DET,PF,73,73,2305,.477,.542,.345,.534,.861,.571,.206,.328,102,99,96,98,110,99,85,78,-15.3,-9.8,,harrito02
39,Darius Garland,25,CLE,PG,75,75,2301,.472,.530,.401,.562,.878,.600,.217,.451,101,97,111,104,113,104,89,107,44.9,61.8,,garlada01
40,Jalen Brunson,28,NYK,PG,65,65,2301,.488,.539,.383,.551,.821,.605,.373,.331,104,99,106,101,105,105,154,79,18.6,80.0,,brunsja01
41,Jarrett Allen,26,CLE,C,82,82,2296,.706,.712,.000,.706,.718,.724,.433,.008,151,131,0,130,92,126,178,2,208.9,225.0,,allenja01
42,Chris Paul,39,SAS,PG,82,82,2292,.427,.514,.377,.547,.924,.580,.158,.636,91,94,105,101,118,101,65,151,4.8,4.5,,paulch01
43,Anfernee Simons,25,POR,SG,70,70,2292,.426,.496,.363,.521,.902,.557,.172,.527,91,91,101,96,116,97,71,125,-48.9,-46.8,,simonan01
44,Giannis Antetokounmpo,30,MIL,PF,67,67,2289,.601,.620,.222,.607,.617,.625,.536,.048,129,114,62,112,79,108,221,11,167.4,157.5,,antetgi01
45,Malik Beasley,28,DET,SG,82,18,2283,.430,.466,.416,.579,.679,.590,.131,.715,92,85,116,107,87,102,54,170,77.7,30.8,,beaslma01
46,Kentavious Caldwell-Pope,31,ORL,SG,77,77,2279,.439,.589,.342,.543,.863,.574,.175,.607,94,108,95,100,111,100,72,144,0.1,-2.1,,caldwke01
47,Nikola Vučević,34,CHI,C,73,72,2278,.530,.587,.402,.592,.805,.611,.144,.309,113,108,112,109,103,106,59,73,101.6,77.3,,vucevni01
48,Payton Pritchard,27,BOS,PG,80,3,2271,.472,.642,.407,.620,.845,.633,.097,.723,101,118,113,114,108,110,40,172,132.4,103.4,,pritcpa01
49,Kevin Durant,36,PHO,PF,62,62,2265,.527,.574,.430,.598,.839,.642,.321,.331,113,105,119,110,108,111,132,79,123.2,168.7,,duranke01
50,Shaedon Sharpe,21,POR,SG,72,52,2252,.452,.557,.311,.519,.785,.551,.219,.428,97,102,86,95,101,96,90,102,-54.1,-59.9,,sharpsh01
51,Stephen Curry,36,GSW,PG,70,70,2252,.448,.534,.397,.572,.933,.618,.238,.623,96,98,110,105,120,107,98,148,72.6,116.7,,curryst01
52,De'Aaron Fox,27,2TM,PG,62,62,2241,.463,.538,.310,.514,.827,.560,.273,.328,99,99,86,95,106,97,113,78,-67.2,-42.5,,foxde01
52,De'Aaron Fox,27,SAC,PG,45,45,1663,.469,.539,.322,.521,.829,.567,.279,.324,100,99,89,96,106,98,115,77,-39.1,-18.3,,foxde01
52,De'Aaron Fox,27,SAS,PG,17,17,578,.446,.535,.274,.493,.819,.537,.257,.339,96,98,76,91,105,93,106,81,-28.1,-24.2,,foxde01
53,Jalen Williams,23,OKC,SG,69,69,2237,.484,.533,.365,.537,.789,.573,.256,.291,104,98,101,99,101,99,105,69,-14.6,-7.6,,willija06
54,Donovan Mitchell,28,CLE,SG,71,71,2232,.443,.512,.368,.531,.823,.575,.274,.480,95,94,102,98,106,100,113,114,-30.7,-3.7,,mitchdo01
55,Harrison Barnes,32,SAS,PF,82,82,2230,.508,.591,.433,.622,.809,.656,.291,.527,109,108,120,115,104,114,120,125,108.2,123.0,,barneha02
56,Julius Randle,30,MIN,PF,69,69,2226,.485,.555,.344,.542,.806,.593,.357,.334,104,102,95,100,103,103,147,79,-1.9,36.1,,randlju01
57,Amen Thompson,22,HOU,SF,69,42,2225,.557,.599,.275,.575,.684,.602,.354,.131,119,110,76,106,88,104,146,31,44.0,41.6,,thompam01
58,Jaren Jackson Jr.,25,MEM,C,74,74,2207,.488,.541,.375,.548,.781,.591,.328,.321,104,99,104,101,100,103,135,76,12.5,41.4,,jacksja02
59,Desmond Bane,26,MEM,SG,69,68,2205,.484,.548,.392,.565,.894,.600,.194,.411,104,101,109,104,115,104,80,97,44.3,53.5,,banede01
60,Naz Reid,25,MIN,C,80,17,2200,.462,.544,.379,.556,.776,.577,.155,.501,99,100,105,102,100,100,64,119,24.5,1.8,,reidna01
61,Tyus Jones,28,PHO,PG,81,58,2174,.448,.496,.414,.570,.895,.585,.083,.587,96,91,115,105,115,102,34,139,36.2,13.0,,jonesty01
62,Myles Turner,28,IND,C,72,72,2174,.481,.561,.396,.577,.773,.612,.293,.486,103,103,110,106,99,106,121,115,55.1,64.7,,turnemy01
63,Evan Mobley,23,CLE,PF,71,71,2167,.557,.621,.370,.604,.725,.633,.337,.254,119,114,103,111,93,110,139,60,111.0,117.3,,mobleev01
64,Taurean Prince,30,MIL,SF,80,73,2166,.457,.492,.439,.600,.813,.613,.093,.652,98,90,122,111,104,106,38,155,58.7,39.3,,princta02
65,Stephon Castle,20,SAS,PG,81,47,2162,.428,.501,.285,.476,.724,.522,.348,.337,92,92,79,88,93,91,143,80,-132.1,-123.0,,castlst01
66,Deni Avdija,24,POR,SF,72,54,2161,.476,.552,.365,.550,.780,.605,.441,.405,102,101,101,101,100,105,181,96,12.3,57.8,,avdijde01
67,Jaylen Brown,28,BOS,SF,63,63,2158,.463,.529,.324,.515,.764,.555,.288,.320,99,97,90,95,98,96,119,76,-62.3,-53.6,,brownja02
68,Tim Hardaway Jr.,32,DET,SG,77,77,2153,.406,.484,.368,.529,.855,.567,.213,.672,87,89,102,97,110,98,88,160,-18.6,-13.1,,hardati02
69,Bennedict Mathurin,22,IND,SF,72,49,2149,.458,.519,.340,.516,.831,.579,.389,.338,98,95,94,95,107,100,160,80,-46.5,4.7,,mathube01
70,Spencer Dinwiddie,31,DAL,PG,79,30,2136,.416,.492,.334,.496,.802,.553,.356,.478,89,90,93,91,103,96,147,113,-63.7,-37.1,,dinwisp01
71,Scottie Barnes,23,TOR,PF,65,65,2134,.446,.508,.271,.482,.755,.523,.284,.263,95,93,75,89,97,91,117,63,-130.6,-126.1,,barnesc01
72,Max Christie,21,2TM,SG,78,36,2127,.427,.496,.366,.525,.855,.570,.258,.532,91,91,102,97,110,99,106,126,-21.8,-8.0,,chrisma02
72,Max Christie,21,LAL,SG,46,25,1154,.444,.544,.368,.549,.851,.598,.302,.566,95,100,102,101,109,104,124,134,3.2,14.0,,chrisma02
72,Max Christie,21,DAL,SG,32,11,973,.411,.457,.364,.502,.862,.543,.215,.500,88,84,101,92,110,94,89,119,-25.0,-22.0,,chrisma02
73,Josh Giddey,22,CHI,PG,70,69,2117,.465,.512,.378,.531,.781,.570,.281,.348,100,94,105,98,100,99,116,83,-19.7,-11.2,,giddejo01
74,Fred VanVleet,30,HOU,PG,60,60,2111,.378,.430,.345,.483,.810,.515,.181,.607,81,79,96,89,104,89,74,144,-91.4,-100.1,,vanvlfr01
75,Keyonte George,21,UTA,PG,67,35,2109,.391,.449,.343,.485,.818,.539,.310,.552,84,82,95,89,105,93,128,131,-106.2,-78.5,,georgke01
76,Dennis Schröder,31,3TM,PG,75,49,2105,.406,.458,.342,.483,.838,.531,.261,.449,87,84,95,89,107,92,108,107,-99.2,-82.5,,schrode01
76,Dennis Schröder,31,BRK,PG,23,23,772,.452,.509,.387,.542,.889,.588,.249,.462,97,93,107,100,114,102,103,110,-1.0,8.4,,schrode01
76,Dennis Schröder,31,GSW,SG,24,18,628,.375,.419,.322,.448,.744,.474,.155,.458,80,77,89,83,95,82,64,109,-47.6,-55.0,,schrode01
76,Dennis Schröder,31,DET,PG,28,8,705,.378,.434,.302,.442,.833,.515,.382,.422,81,80,84,81,107,89,157,100,-50.6,-35.9,,schrode01
77,Damian Lillard,34,MIL,PG,58,58,2093,.448,.528,.376,.547,.921,.621,.396,.528,96,97,104,101,118,108,163,125,7.6,104.6,,lillada01
78,Russell Westbrook,36,DEN,PG,75,36,2092,.449,.517,.323,.505,.661,.532,.280,.350,96,95,90,93,85,92,115,83,-62.6,-81.8,,westbru01
79,Kelly Oubre Jr.,29,PHI,SF,60,57,2078,.470,.555,.293,.518,.751,.551,.250,.327,101,102,81,95,96,96,103,78,-37.8,-41.7,,oubreke01
80,Nickeil Alexander-Walker,26,MIN,SG,82,10,2073,.438,.524,.381,.553,.780,.579,.192,.601,94,96,106,102,100,100,79,143,11.9,3.3,,alexani01
81,Luguentz Dort,25,OKC,SF,71,71,2073,.435,.489,.412,.578,.717,.586,.078,.696,93,90,114,107,92,102,32,165,41.9,12.3,,dortlu01
82,Onyeka Okongwu,24,ATL,C,74,40,2064,.567,.634,.324,.602,.759,.634,.316,.216,121,116,90,111,97,110,130,51,81.1,90.3,,okongon01
83,Malik Monk,26,SAC,SG,65,45,2054,.439,.534,.325,.513,.865,.549,.190,.456,94,98,90,94,111,95,78,108,-56.9,-55.3,,monkma01
84,Jaylen Wells,21,MEM,SG,79,74,2043,.425,.525,.352,.527,.822,.560,.200,.580,91,96,98,97,105,97,82,138,-22.2,-24.5,,wellsja01
85,Jalen Duren,21,DET,C,78,78,2034,.692,.692,,.692,.669,.703,.443,.000,148,127,,127,86,122,183,0,163.0,166.1,,durenja01
86,Jalen Wilson,24,BRK,PF,79,22,2031,.397,.481,.337,.495,.818,.541,.266,.584,85,88,94,91,105,94,110,139,-59.4,-49.1,,wilsoja03
87,Miles Bridges,26,CHO,PF,64,64,2029,.431,.513,.313,.495,.870,.541,.233,.413,92,94,87,91,112,94,96,98,-103.8,-83.7,,bridgmi02
88,Davion Mitchell,26,2TM,PG,74,37,2027,.468,.525,.398,.557,.690,.573,.176,.443,100,96,111,103,89,99,73,105,13.0,-3.1,,mitchda01
88,Davion Mitchell,26,TOR,PG,44,22,1080,.434,.504,.359,.520,.676,.536,.152,.480,93,92,100,96,87,93,62,114,-11.0,-20.9,,mitchda01
88,Davion Mitchell,26,MIA,PG,30,15,947,.504,.543,.447,.595,.702,.611,.203,.405,108,100,124,110,90,106,83,96,24.0,17.8,,mitchda01
89,Franz Wagner,23,ORL,SF,60,60,2023,.463,.535,.295,.507,.871,.558,.268,.303,99,98,82,93,112,97,110,72,-83.0,-46.6,,wagnefr01
90,Quentin Grimes,24,2TM,SG,75,37,2013,.467,.552,.385,.565,.757,.595,.260,.512,100,101,107,104,97,103,107,121,36.2,35.1,,grimequ01
90,Quentin Grimes,24,DAL,SG,47,12,1070,.463,.543,.398,.573,.765,.599,.222,.551,99,100,110,105,98,104,91,131,21.6,18.3,,grimequ01
90,Quentin Grimes,24,PHI,SG,28,25,943,.469,.559,.373,.559,.752,.592,.290,.480,100,103,103,103,96,103,120,114,14.6,16.8,,grimequ01
91,Jordan Poole,25,WAS,SG,68,68,2001,.432,.510,.378,.544,.883,.591,.259,.588,93,94,105,100,113,103,107,140,1.0,34.0,,poolejo01
92,Draymond Green,34,GSW,PF,68,66,1983,.424,.517,.325,.503,.687,.534,.289,.483,91,95,90,93,88,93,119,115,-40.8,-48.1,,greendr01
93,Devin Vassell,24,SAS,SG,64,53,1983,.443,.513,.368,.532,.792,.553,.135,.483,95,94,102,98,102,96,56,115,-19.6,-44.3,,vassede01
94,Klay Thompson,34,DAL,SF,72,72,1965,.412,.448,.391,.535,.905,.552,.084,.631,88,82,108,98,116,96,35,150,-14.5,-43.2,,thompkl01
95,Tyrese Maxey,24,PHI,PG,52,52,1960,.437,.515,.337,.511,.879,.562,.265,.438,94,95,94,94,113,98,109,104,-70.0,-34.8,,maxeyty01
96,Norman Powell,31,LAC,SG,60,60,1958,.484,.538,.418,.578,.804,.615,.280,.453,104,99,116,106,103,107,115,108,66.6,82.6,,powelno01
97,Yves Missi,20,NOP,C,73,67,1956,.547,.548,.000,.547,.623,.572,.415,.002,117,101,0,101,80,99,171,0,3.6,-5.4,,missiyv01
98,Keon Ellis,25,SAC,SG,80,28,1948,.489,.615,.433,.639,.849,.664,.185,.692,105,113,120,118,109,115,76,164,89.0,87.7,,elliske01
99,Bilal Coulibaly,20,WAS,SF,59,59,1948,.421,.500,.281,.472,.746,.515,.296,.359,90,92,78,87,96,89,122,85,-88.7,-85.9,,coulibi01
100,Kyle Kuzma,29,2TM,PF,65,62,1936,.436,.512,.307,.493,.634,.514,.238,.369,93,94,85,91,81,89,98,88,-85.1,-115.6,,kuzmaky01
100,Kyle Kuzma,29,WAS,PF,32,30,887,.420,.495,.281,.469,.602,.488,.215,.352,90,91,78,86,77,85,89,83,-67.2,-88.0,,kuzmaky01
100,Kyle Kuzma,29,MIL,PF,33,32,1049,.455,.533,.333,.520,.663,.545,.265,.389,97,98,93,96,85,95,109,92,-17.9,-27.6,,kuzmaky01
101,Julian Champagnie,23,SAS,SF,82,29,1932,.415,.530,.371,.549,.904,.577,.141,.722,89,97,103,101,116,100,58,171,7.7,1.0,,champju02
102,Keon Johnson,22,BRK,SG,79,56,1925,.389,.468,.314,.470,.770,.499,.178,.515,83,86,87,87,99,87,73,122,-114.1,-129.2,,johnske07
103,Naji Marshall,27,DAL,SF,69,31,1919,.508,.611,.275,.551,.813,.584,.225,.306,109,112,76,101,104,101,93,73,10.7,12.4,,marshna01
104,Jrue Holiday,34,BOS,PG,62,62,1896,.443,.547,.353,.538,.909,.565,.134,.534,95,100,98,99,117,98,55,127,-6.4,-13.4,,holidjr01
105,Guerschon Yabusele,29,PHI,C,70,43,1895,.501,.616,.380,.593,.725,.616,.245,.487,107,113,105,109,93,107,101,116,56.5,49.2,,yabusgu01
106,Gary Trent Jr.,26,MIL,SG,74,9,1893,.431,.460,.416,.568,.848,.591,.140,.659,92,84,115,105,109,103,58,156,32.4,20.2,,trentga02
107,Anthony Black,21,ORL,PG,78,10,1887,.423,.471,.318,.473,.761,.521,.318,.315,90,86,88,87,98,90,131,75,-87.4,-78.4,,blackan01
108,Josh Green,24,CHO,SG,68,67,1887,.428,.480,.391,.543,.681,.559,.171,.589,92,88,109,100,87,97,70,140,-0.3,-15.7,,greenjo02
109,Nic Claxton,25,BRK,C,70,62,1882,.563,.576,.238,.568,.513,.569,.271,.037,121,106,66,105,66,99,112,9,28.1,-8.6,,claxtni01
110,Andrew Nembhard,25,IND,SG,65,65,1881,.458,.538,.291,.506,.794,.545,.252,.325,98,99,81,93,102,95,104,77,-40.4,-37.1,,nembhan01
111,Cason Wallace,21,OKC,SG,68,43,1876,.474,.562,.356,.550,.811,.562,.076,.425,102,103,99,101,104,98,31,101,6.9,-14.3,,wallaca01
112,Derrick Jones Jr.,27,LAC,SF,77,55,1873,.526,.627,.356,.593,.703,.609,.200,.372,113,115,99,109,90,106,82,88,58.3,42.4,,jonesde02
113,Rui Hachimura,26,LAL,PF,59,57,1869,.509,.581,.413,.597,.770,.619,.196,.429,109,107,115,110,99,107,81,102,62.4,53.9,,hachiru01
114,RJ Barrett,24,TOR,SF,58,58,1869,.468,.522,.350,.523,.630,.547,.317,.312,100,96,97,96,81,95,130,74,-39.6,-66.3,,barrerj01
115,Buddy Hield,32,GSW,SG,82,22,1863,.417,.527,.370,.546,.828,.560,.081,.698,89,97,103,101,106,97,34,166,5.3,-26.2,,hieldbu01
116,Trey Murphy III,24,NOP,SF,53,51,1854,.454,.556,.361,.548,.887,.598,.274,.522,97,102,100,101,114,104,113,124,8.7,40.5,,murphtr02
117,Zaccharie Risacher,19,ATL,SF,75,73,1843,.458,.540,.355,.537,.711,.558,.191,.442,98,99,98,99,91,97,79,105,-10.1,-31.3,,risacza01
118,Andrew Wiggins,29,2TM,SF,60,60,1842,.448,.501,.374,.526,.763,.566,.306,.415,96,92,104,97,98,98,126,98,-29.2,-19.2,,wiggian01
118,Andrew Wiggins,29,GSW,SF,43,43,1296,.444,.491,.379,.524,.777,.566,.304,.422,95,90,105,96,100,98,125,100,-22.6,-13.4,,wiggian01
118,Andrew Wiggins,29,MIA,SF,17,17,546,.458,.523,.360,.530,.731,.566,.311,.398,98,96,100,98,94,98,128,95,-6.6,-5.8,,wiggian01
119,Isaiah Collier,20,UTA,PG,71,46,1839,.422,.497,.249,.459,.682,.494,.277,.305,90,91,69,85,87,86,114,72,-92.8,-102.7,,colliis01
120,Keldon Johnson,25,SAS,SF,77,0,1838,.482,.573,.318,.538,.773,.572,.252,.356,103,105,88,99,99,99,104,84,-7.3,-6.7,,johnske04
121,Royce O'Neale,31,PHO,SF,75,22,1837,.423,.481,.406,.580,.731,.585,.046,.774,90,88,113,107,94,101,19,184,41.9,10.0,,onealro01
122,P.J. Washington,26,DAL,PF,57,56,1835,.453,.493,.381,.521,.722,.556,.298,.359,97,90,106,96,93,96,123,85,-29.3,-30.7,,washipj01
123,CJ McCollum,33,NOP,PG,56,56,1832,.444,.505,.373,.530,.717,.550,.173,.459,95,93,103,98,92,95,71,109,-27.1,-57.1,,mccolcj01
124,Haywood Highsmith,28,MIA,SF,74,42,1818,.458,.570,.382,.572,.721,.583,.110,.596,98,105,106,105,92,101,45,141,22.3,5.6,,highsha01
125,Dorian Finney-Smith,31,2TM,PF,63,40,1818,.448,.545,.411,.597,.667,.604,.103,.722,96,100,114,110,85,105,43,171,46.5,24.9,,finnedo01
125,Dorian Finney-Smith,31,BRK,PF,20,20,579,.459,.510,.435,.607,.625,.613,.151,.679,98,94,121,112,80,106,62,161,20.3,12.6,,finnedo01
125,Dorian Finney-Smith,31,LAL,PF,43,20,1239,.442,.571,.398,.591,.714,.598,.076,.746,95,105,111,109,92,104,31,177,26.2,12.3,,finnedo01
126,Alex Sarr,19,WAS,C,67,67,1814,.394,.454,.308,.457,.679,.482,.199,.412,84,83,85,84,87,84,82,98,-142.3,-168.8,,sarral01
127,Kyrie Irving,32,DAL,SG,50,50,1804,.473,.517,.401,.549,.916,.594,.226,.380,101,95,111,101,117,103,93,90,11.6,36.5,,irvinky01
128,Kyshawn George,21,WAS,SG,68,38,1802,.372,.464,.322,.476,.753,.503,.170,.648,80,85,89,88,97,87,70,154,-73.0,-86.4,,georgky01
129,Cameron Johnson,28,BRK,PF,57,57,1800,.475,.578,.390,.582,.893,.632,.301,.546,102,106,108,107,115,110,124,130,57.7,95.1,,johnsca02
130,Duncan Robinson,30,MIA,SF,74,37,1785,.437,.556,.393,.581,.887,.595,.080,.729,94,102,109,107,114,103,33,173,49.9,26.1,,robindu01
131,Kris Dunn,30,LAC,PG,74,58,1783,.439,.549,.335,.525,.682,.531,.050,.513,94,101,93,97,87,92,21,122,-15.6,-40.7,,dunnkr01
132,Luka Dončić,25,2TM,PG,50,50,1769,.450,.522,.368,.536,.782,.587,.385,.469,96,96,102,99,100,102,159,111,-14.2,26.6,,doncilu01
132,Luka Dončić,25,DAL,PG,22,22,785,.464,.555,.354,.544,.767,.584,.313,.455,99,102,98,100,98,101,129,108,0.9,8.0,,doncilu01
132,Luka Dončić,25,LAL,PG,28,28,984,.438,.493,.379,.530,.791,.590,.445,.481,94,90,105,98,101,102,183,114,-15.1,18.6,,doncilu01
133,Scoot Henderson,20,POR,PG,66,10,1759,.419,.469,.354,.496,.767,.540,.301,.434,90,86,98,91,98,94,124,103,-65.0,-56.8,,hendesc01
134,Wendell Carter Jr.,25,ORL,C,68,51,1758,.460,.568,.234,.498,.737,.544,.356,.322,99,104,65,92,95,94,147,76,-44.3,-36.6,,cartewe01
135,Collin Sexton,26,UTA,SG,63,61,1758,.480,.513,.406,.543,.865,.593,.290,.313,103,94,113,100,111,103,119,74,0.3,32.6,,sextoco01
136,Mike Conley,37,MIN,PG,71,64,1756,.400,.380,.410,.535,.900,.573,.192,.662,86,70,114,99,115,99,79,157,-7.3,-2.9,,conlemi01
137,Amir Coffey,27,LAC,SG,72,13,1748,.471,.529,.409,.570,.891,.614,.253,.484,101,97,114,105,114,107,104,115,27.1,42.9,,coffeam01
138,Jimmy Butler,35,2TM,SF,55,55,1746,.504,.546,.308,.531,.842,.626,.657,.174,108,100,85,98,108,109,270,41,-14.5,77.3,,butleji01
138,Jimmy Butler,35,MIA,PF,25,25,766,.540,.568,.361,.565,.801,.638,.612,.137,116,104,100,104,103,111,252,33,11.3,41.3,,butleji01
138,Jimmy Butler,35,GSW,SF,30,30,980,.476,.526,.279,.504,.870,.617,.692,.204,102,97,78,93,112,107,285,48,-25.8,36.0,,butleji01
139,Aaron Wiggins,26,OKC,SG,76,26,1744,.488,.578,.383,.577,.831,.596,.122,.466,104,106,106,106,107,103,50,111,49.3,29.9,,wiggiaa01
140,Walker Kessler,23,UTA,C,58,58,1740,.663,.706,.176,.671,.520,.660,.363,.081,142,130,49,123,67,114,149,19,106.9,81.1,,kesslwa01
141,De'Andre Hunter,27,2TM,SF,64,9,1740,.470,.537,.405,.573,.846,.623,.333,.509,101,99,112,105,109,108,137,121,45.3,81.1,,huntede01
141,De'Andre Hunter,27,ATL,SF,37,4,1064,.461,.531,.393,.560,.858,.616,.358,.502,99,97,109,103,110,107,147,119,16.6,45.8,,huntede01
141,De'Andre Hunter,27,CLE,SF,27,5,676,.485,.550,.426,.596,.821,.634,.289,.522,104,101,118,110,105,110,119,124,28.7,35.3,,huntede01
142,Ochai Agbaji,24,TOR,SG,64,45,1739,.498,.587,.399,.593,.708,.601,.090,.474,107,108,111,109,91,104,37,112,53.0,27.3,,agbajoc01
143,Brandin Podziemski,21,GSW,SG,64,33,1716,.445,.516,.372,.537,.758,.557,.151,.491,95,95,103,99,97,97,62,117,-8.2,-26.0,,podzibr01
144,Jabari Smith Jr.,21,HOU,PF,57,39,1716,.438,.519,.354,.525,.825,.562,.223,.489,94,95,98,97,106,97,92,116,-20.8,-18.1,,smithja05
145,Anthony Davis,31,2TM,PF,51,51,1706,.516,.553,.282,.536,.775,.588,.405,.136,111,102,78,99,99,102,167,32,-13.4,25.2,,davisan02
145,Anthony Davis,31,LAL,C,42,42,1440,.528,.560,.298,.546,.788,.601,.423,.124,113,103,83,101,101,104,174,29,4.7,44.7,,davisan02
145,Anthony Davis,31,DAL,PF,9,9,266,.461,.516,.233,.484,.688,.520,.316,.197,99,95,65,89,88,90,130,47,-18.1,-19.5,,davisan02
146,Bradley Beal,31,PHO,SG,53,38,1702,.497,.565,.386,.571,.803,.598,.197,.380,106,104,107,105,103,104,81,90,38.2,32.8,,bealbr01
147,Georges Niang,31,2TM,PF,79,3,1697,.461,.569,.406,.595,.793,.607,.094,.660,99,104,113,110,102,105,39,157,64.6,40.1,,niangge01
147,Georges Niang,31,CLE,PF,51,1,1053,.477,.618,.400,.606,.793,.617,.083,.647,102,113,111,112,102,107,34,154,44.0,29.3,,niangge01
147,Georges Niang,31,ATL,PF,28,2,644,.441,.500,.413,.581,.793,.595,.107,.676,94,92,115,107,102,103,44,161,20.6,10.8,,niangge01
148,Jakob Poeltl,29,TOR,C,57,56,1686,.627,.628,.333,.628,.674,.641,.249,.005,134,115,93,116,86,111,102,1,98.1,83.8,,poeltja01
149,Scotty Pippen Jr.,24,MEM,PG,79,21,1683,.480,.528,.397,.553,.713,.582,.288,.369,103,97,110,102,91,101,119,88,11.8,7.8,,pippesc02
150,Kevin Huerter,26,2TM,SG,69,31,1679,.425,.587,.338,.535,.714,.544,.081,.647,91,108,94,98,92,94,33,154,-10.0,-39.8,,huertke01
150,Kevin Huerter,26,SAC,SG,43,15,899,.413,.629,.302,.513,.714,.524,.090,.661,88,115,84,94,92,91,37,157,-18.7,-33.4,,huertke01
150,Kevin Huerter,26,CHI,SG,26,16,780,.439,.546,.376,.558,.714,.566,.071,.633,94,100,104,103,92,98,29,150,8.7,-6.4,,huertke01
151,Santi Aldama,24,MEM,PF,65,16,1660,.483,.599,.368,.576,.691,.588,.145,.503,103,110,102,106,89,102,60,119,42.2,16.6,,aldamsa01
152,A.J. Green,25,MIL,SG,73,7,1659,.429,.443,.427,.612,.815,.621,.064,.856,92,81,119,113,104,108,26,203,58.5,38.7,,greenaj01
153,Al Horford,38,BOS,C,60,42,1659,.423,.551,.363,.547,.895,.563,.082,.681,91,101,101,101,115,98,34,162,3.3,-12.5,,horfoal01
154,Terry Rozier,30,MIA,PG,64,23,1658,.391,.480,.295,.462,.852,.497,.170,.485,84,88,82,85,109,86,70,115,-102.7,-107.5,,roziete01
155,Peyton Watson,22,DEN,SF,68,18,1656,.477,.534,.353,.533,.693,.564,.320,.318,102,98,98,98,89,98,132,75,-8.9,-11.7,,watsope01
156,Moses Moody,22,GSW,SG,74,34,1649,.433,.519,.374,.544,.797,.578,.234,.593,93,95,104,100,102,100,96,141,1.1,2.0,,moodymo01
157,Tristan Da Silva,23,ORL,SF,74,38,1629,.412,.488,.335,.495,.873,.522,.130,.495,88,89,93,91,112,91,54,117,-46.6,-55.5,,dasiltr01
158,Donte DiVincenzo,28,MIN,SG,62,10,1606,.422,.490,.397,.568,.778,.582,.106,.739,90,90,110,105,100,101,44,175,29.9,7.7,,divindo01
159,Isaiah Joe,25,OKC,SG,74,16,1604,.440,.549,.412,.604,.821,.617,.095,.793,94,101,114,111,105,107,39,188,71.4,50.0,,joeis01
160,Corey Kispert,25,WAS,SF,61,0,1602,.451,.574,.364,.558,.852,.584,.156,.584,97,105,101,103,109,101,64,139,16.3,9.3,,kispeco01
161,Caris LeVert,30,2TM,SG,64,3,1596,.467,.552,.373,.556,.710,.582,.259,.474,100,101,104,102,91,101,107,113,15.4,7.1,,leverca01
161,Caris LeVert,30,CLE,SF,38,3,904,.453,.500,.405,.554,.699,.580,.279,.497,97,92,113,102,90,101,115,118,6.3,2.5,,leverca01
161,Caris LeVert,30,ATL,SG,26,0,692,.482,.600,.338,.558,.722,.583,.239,.452,103,110,94,103,93,101,98,107,9.1,4.6,,leverca01
162,Miles McBride,24,NYK,PG,64,10,1593,.406,.455,.369,.511,.813,.531,.117,.570,87,84,102,94,104,92,48,135,-35.1,-51.8,,mcbrimi01
163,Isaiah Hartenstein,26,OKC,C,57,53,1590,.581,.605,.000,.581,.675,.599,.244,.040,124,111,0,107,87,104,100,9,36.7,24.5,,harteis01
164,Gradey Dick,21,TOR,SG,54,54,1587,.410,.470,.350,.498,.858,.543,.240,.504,88,86,97,92,110,94,99,120,-58.7,-47.2,,dickgr01
165,Paolo Banchero,22,ORL,PF,46,46,1582,.452,.509,.320,.500,.727,.551,.423,.299,97,93,89,92,93,96,174,71,-78.5,-54.0,,banchpa01
166,Patrick Williams,23,CHI,PF,63,36,1576,.397,.447,.353,.490,.723,.512,.161,.527,85,82,98,90,93,89,66,125,-54.4,-70.7,,willipa01
167,Obi Toppin,26,IND,PF,79,4,1545,.529,.695,.365,.621,.781,.642,.190,.503,113,127,101,114,100,111,78,119,93.4,84.9,,toppiob01
168,Grayson Allen,29,PHO,SG,64,7,1544,.448,.504,.426,.600,.816,.631,.233,.716,96,92,118,111,105,109,96,170,55.9,58.7,,allengr01
169,Sam Hauser,27,BOS,PF,71,19,1541,.451,.640,.416,.627,1.000,.632,.023,.842,97,117,115,115,128,110,10,200,79.2,53.2,,hausesa01
170,Ziaire Williams,23,BRK,SF,63,45,1541,.412,.509,.341,.511,.821,.550,.237,.581,88,93,95,94,105,96,97,138,-33.8,-29.6,,willizi02
171,Gabe Vincent,28,LAL,PG,72,11,1527,.400,.532,.353,.530,.714,.536,.050,.736,86,98,98,98,92,93,21,175,-11.2,-34.6,,vincega01
172,Victor Wembanyama,21,SAS,C,46,46,1527,.476,.586,.352,.559,.836,.594,.221,.470,102,107,98,103,107,103,91,112,27.2,32.6,,wembavi01
173,Jerami Grant,30,POR,PF,47,47,1524,.373,.381,.365,.467,.849,.523,.289,.516,80,70,101,86,109,91,119,122,-87.4,-68.6,,grantje01
174,Jonas Valančiūnas,32,2TM,C,81,21,1524,.550,.571,.216,.557,.879,.602,.263,.059,118,105,60,102,113,105,108,14,17.0,36.7,,valanjo01
174,Jonas Valančiūnas,32,WAS,C,49,12,983,.547,.567,.259,.556,.896,.602,.251,.064,117,104,72,102,115,104,103,15,10.7,23.9,,valanjo01
174,Jonas Valančiūnas,32,SAC,C,32,9,541,.556,.579,.100,.559,.847,.604,.288,.049,119,106,28,103,109,105,119,12,6.3,12.8,,valanjo01
175,Kyle Filipowski,21,UTA,C,72,27,1522,.502,.614,.350,.576,.650,.594,.276,.425,107,113,97,106,83,103,114,101,34.4,20.6,,filipky01
176,Ja Morant,25,MEM,PG,50,50,1519,.454,.523,.309,.504,.824,.563,.359,.321,97,96,86,93,106,98,148,76,-69.6,-27.2,,moranja01
177,Matas Buzelis,20,CHI,SF,80,31,1511,.454,.540,.361,.541,.815,.571,.195,.479,97,99,100,100,104,99,80,114,-2.8,-6.3,,buzelma01
178,LaMelo Ball,23,CHO,PG,47,47,1505,.405,.478,.339,.494,.843,.536,.228,.526,87,88,94,91,108,93,94,125,-98.4,-87.9,,ballla01
179,Dalton Knecht,23,LAL,SF,78,16,1494,.461,.594,.376,.576,.762,.594,.151,.610,99,109,105,106,98,103,62,145,37.0,21.5,,knechda01
180,Kevin Porter Jr.,24,2TM,SG,75,4,1482,.449,.501,.311,.492,.769,.531,.259,.271,96,92,86,91,99,92,107,64,-67.2,-66.1,,porteke02
180,Kevin Porter Jr.,24,LAC,SG,45,2,884,.423,.485,.245,.455,.645,.476,.187,.260,90,89,68,84,83,83,77,62,-72.1,-88.6,,porteke02
180,Kevin Porter Jr.,24,MIL,SG,30,2,598,.494,.529,.408,.553,.871,.616,.380,.290,106,97,113,102,112,107,156,69,4.9,22.5,,porteke02
181,D'Angelo Russell,28,2TM,PG,58,36,1480,.390,.489,.314,.479,.834,.522,.227,.564,84,90,87,88,107,91,94,134,-82.0,-76.8,,russeda01
181,D'Angelo Russell,28,LAL,PG,29,10,763,.415,.510,.333,.505,.849,.537,.170,.540,89,94,93,93,109,93,70,128,-23.8,-26.3,,russeda01
181,D'Angelo Russell,28,BRK,PG,29,26,717,.367,.467,.297,.454,.826,.508,.281,.587,79,86,82,84,106,88,116,139,-58.2,-50.5,,russeda01
182,Lauri Markkanen,27,UTA,PF,47,47,1476,.423,.525,.346,.521,.876,.571,.264,.570,91,96,96,96,112,99,109,135,-30.3,-8.5,,markkla01
183,Luke Kennard,28,MEM,SG,65,11,1472,.478,.547,.433,.609,.895,.631,.132,.606,102,100,120,112,115,110,54,144,56.9,50.4,,kennalu01
184,Jamal Shead,22,TOR,PG,75,11,1467,.405,.470,.323,.476,.768,.499,.137,.442,87,86,90,88,98,87,56,105,-67.4,-82.8,,sheadja01
185,Aaron Gordon,29,DEN,PF,51,42,1447,.531,.582,.436,.607,.810,.650,.360,.346,114,107,121,112,104,113,148,82,63.2,84.5,,gordoaa01
186,Isaiah Stewart,23,DET,C,72,4,1434,.559,.607,.321,.586,.759,.616,.276,.168,120,111,89,108,97,107,114,40,26.9,27.9,,stewais01
187,Brice Sensabaugh,21,UTA,SF,71,15,1432,.459,.520,.422,.590,.890,.612,.122,.621,98,95,117,109,114,106,50,147,56.4,44.7,,sensabr01
188,Goga Bitadze,25,ORL,C,70,42,1430,.611,.656,.107,.615,.639,.631,.392,.083,131,120,30,113,82,110,162,20,48.8,43.9,,bitadgo01
189,Kel'el Ware,20,MIA,C,64,36,1422,.554,.629,.315,.592,.687,.603,.144,.239,119,115,88,109,88,105,59,57,45.0,26.3,,wareke01
190,Tari Eason,23,HOU,PF,57,16,1420,.487,.557,.342,.543,.760,.567,.186,.329,104,102,95,100,97,98,77,78,-0.1,-10.9,,easonta01
191,Zach Edey,22,MEM,C,66,55,1416,.580,.612,.346,.600,.709,.624,.293,.120,124,112,96,111,91,108,121,29,49.7,46.6,,edeyza01
192,T.J. McConnell,32,IND,PG,79,1,1415,.519,.537,.306,.531,.740,.547,.123,.079,111,99,85,98,95,95,51,19,-14.7,-38.1,,mccontj01
193,Terance Mann,28,2TM,SG,67,13,1414,.496,.580,.368,.569,.691,.584,.165,.395,106,106,102,105,89,101,68,94,21.4,6.6,,mannte01
193,Terance Mann,28,LAC,SG,37,12,732,.446,.508,.347,.513,.719,.533,.164,.385,95,93,96,94,92,93,68,91,-11.8,-17.9,,mannte01
193,Terance Mann,28,ATL,SG,30,1,682,.541,.646,.386,.619,.667,.629,.165,.404,116,119,107,114,85,109,68,96,33.2,24.5,,mannte01
194,Ryan Dunn,22,PHO,SF,74,44,1410,.430,.577,.311,.516,.487,.517,.082,.553,92,106,86,95,62,90,34,131,-26.1,-58.5,,dunnry01
195,Sam Merrill,28,CLE,SG,71,4,1401,.406,.625,.372,.567,.966,.583,.068,.868,87,115,103,104,124,101,28,206,20.5,5.7,,merrisa01
196,Ayo Dosunmu,25,CHI,SG,46,26,1394,.492,.612,.328,.561,.785,.585,.176,.421,105,112,91,103,101,102,72,100,16.3,8.5,,dosunay01
197,Ty Jerome,27,CLE,SG,70,3,1392,.516,.570,.439,.606,.872,.643,.239,.409,110,105,122,112,112,112,99,97,77.8,90.8,,jeromty01
198,Julian Strawther,22,DEN,SG,65,4,1384,.432,.535,.349,.529,.822,.559,.185,.553,92,98,97,97,105,97,76,131,-13.9,-17.7,,strawju01
199,Nick Smith Jr.,20,CHO,SG,60,27,1369,.391,.450,.340,.482,.935,.502,.081,.539,84,83,94,89,120,87,33,128,-68.9,-86.9,,smithni01
200,Jaime Jaquez Jr.,23,MIA,SF,66,17,1368,.461,.513,.311,.501,.754,.543,.307,.258,99,94,86,92,97,94,127,61,-38.8,-34.4,,jaqueja01
201,Nicolas Batum,36,LAC,PF,78,8,1367,.437,.457,.433,.622,.810,.633,.088,.853,94,84,120,115,104,110,36,203,37.5,28.1,,batumni01
202,Jose Alvarado,26,NOP,PG,56,23,1366,.392,.439,.359,.498,.811,.523,.142,.593,84,80,100,92,104,91,58,141,-46.9,-58.9,,alvarjo01
203,Jeremy Sochan,21,SAS,PF,54,23,1364,.535,.590,.308,.565,.696,.589,.267,.194,115,108,85,104,89,102,110,46,20.6,13.2,,sochaje01
204,Luke Kornet,29,BOS,C,73,16,1361,.668,.675,.000,.668,.691,.683,.346,.011,143,124,0,123,89,119,143,3,69.9,69.2,,kornelu01
205,Trey Lyles,29,SAC,PF,69,5,1349,.420,.559,.340,.528,.700,.551,.214,.636,90,103,94,97,90,96,88,151,-11.2,-20.6,,lylestr01
206,Jake LaRavia,23,2TM,PF,66,0,1349,.475,.513,.423,.564,.678,.591,.341,.421,102,94,117,104,87,103,141,100,13.9,11.3,,laravja01
206,Jake LaRavia,23,MEM,PF,47,0,982,.490,.517,.444,.573,.698,.605,.398,.373,105,95,123,105,89,105,164,89,14.2,16.6,,laravja01
206,Jake LaRavia,23,SAC,PF,19,0,367,.438,.500,.385,.542,.579,.551,.198,.542,94,92,107,100,74,96,81,129,-0.3,-5.3,,laravja01
207,Bogdan Bogdanović,32,2TM,SG,54,4,1348,.427,.517,.363,.534,.879,.559,.134,.587,91,95,101,98,113,97,55,139,-9.4,-17.5,,bogdabo01
207,Bogdan Bogdanović,32,ATL,SG,24,0,598,.371,.500,.301,.469,.882,.502,.152,.652,79,92,84,86,113,87,63,155,-33.3,-35.4,,bogdabo01
207,Bogdan Bogdanović,32,LAC,SG,30,4,750,.474,.528,.427,.588,.875,.608,.119,.534,101,97,118,108,112,106,49,127,23.9,17.9,,bogdabo01
208,Justin Champagnie,23,WAS,SF,62,31,1340,.511,.624,.383,.601,.685,.614,.178,.470,109,114,106,111,88,107,73,111,47.6,33.4,,champju01
209,Paul George,34,PHI,PF,41,41,1334,.430,.493,.358,.514,.814,.543,.170,.470,92,91,99,95,104,94,70,112,-33.1,-41.0,,georgpa01
210,Ausar Thompson,22,DET,SF,59,48,1328,.535,.572,.224,.547,.641,.568,.309,.107,114,105,62,101,82,99,127,25,3.4,-8.1,,thompau01
211,Donovan Clingan,20,POR,C,67,37,1324,.539,.582,.286,.560,.596,.574,.311,.147,115,107,79,103,76,100,128,35,11.2,-1.6,,clingdo01
212,Jordan Hawkins,22,NOP,SG,56,9,1321,.372,.433,.331,.471,.816,.504,.176,.597,80,79,92,87,105,87,73,142,-79.9,-86.4,,hawkijo01
213,Tyrese Martin,25,BRK,SG,60,11,1315,.406,.492,.351,.513,.793,.533,.125,.606,87,90,97,94,102,93,51,144,-28.1,-42.3,,martity01
214,Mason Plumlee,34,PHO,C,74,21,1300,.619,.631,.000,.619,.648,.645,.634,.020,132,116,0,114,83,112,261,5,30.6,35.3,,plumlma01
215,Jonathan Mogbo,23,TOR,PF,63,18,1286,.438,.486,.243,.462,.732,.496,.230,.197,94,89,67,85,94,86,95,47,-57.7,-62.8,,mogbojo01
216,Jalen Johnson,23,ATL,SF,36,36,1284,.500,.566,.312,.541,.746,.569,.232,.260,107,104,87,100,96,99,96,62,-2.7,-8.5,,johnsja05
217,Max Strus,28,CLE,SF,50,37,1273,.442,.650,.386,.594,.824,.607,.091,.786,95,119,107,109,106,105,38,187,37.9,23.9,,strusma01
218,Johnny Juzang,23,UTA,SG,64,18,1270,.429,.534,.376,.554,.849,.573,.112,.661,92,98,104,102,109,99,46,157,10.1,-3.3,,juzanjo01
219,Ron Holland,19,DET,SF,81,2,1266,.474,.608,.238,.517,.754,.556,.293,.363,101,111,66,95,97,96,121,86,-21.8,-19.2,,hollaro01
220,Javonte Green,31,2TM,SG,68,19,1258,.429,.527,.326,.509,.724,.541,.265,.491,92,97,91,94,93,94,109,117,-19.7,-22.3,,greenja02
220,Javonte Green,31,NOP,SG,50,18,1092,.446,.534,.352,.531,.758,.569,.295,.482,96,98,98,98,97,99,121,114,-5.3,-3.6,,greenja02
220,Javonte Green,31,CLE,SG,18,1,166,.365,.500,.242,.429,.500,.438,.159,.524,78,92,67,79,64,76,65,124,-14.4,-18.7,,greenja02
221,Nick Richards,27,2TM,C,57,43,1256,.591,.594,.000,.591,.744,.634,.461,.006,126,109,0,109,95,110,190,1,33.1,48.0,,richani01
221,Nick Richards,27,CHO,C,21,9,440,.561,.566,.000,.561,.678,.614,.763,.009,120,104,0,103,87,107,314,2,4.2,11.5,,richani01
221,Nick Richards,27,PHO,C,36,34,816,.605,.608,.000,.605,.822,.645,.313,.004,130,112,0,111,105,112,129,1,28.9,36.5,,richani01
222,Dean Wade,28,CLE,PF,59,30,1252,.413,.653,.360,.561,.533,.563,.111,.819,88,120,100,103,68,98,46,195,9.7,-7.5,,wadede01
223,Ricky Council IV,23,PHI,SF,73,12,1250,.382,.488,.258,.442,.804,.502,.330,.460,82,90,72,81,103,87,136,109,-93.9,-79.1,,councri01
224,Tidjane Salaün,19,CHO,PF,60,10,1244,.330,.400,.283,.414,.713,.457,.272,.594,71,73,79,76,91,79,112,141,-88.7,-92.2,,salauti01
225,Bobby Portis,29,MIL,PF,49,7,1244,.466,.508,.365,.520,.836,.542,.123,.299,100,93,101,96,107,94,51,71,-27.3,-42.7,,portibo01
226,Moussa Diabaté,23,CHO,C,71,8,1241,.596,.609,.000,.596,.595,.609,.414,.021,128,112,0,110,76,106,171,5,29.9,21.5,,diabamo01
227,Jeremiah Robinson-Earl,24,NOP,PF,66,9,1239,.455,.557,.341,.536,.836,.563,.159,.473,97,102,95,99,107,98,65,112,-4.9,-9.8,,robinje02
228,Simone Fontecchio,29,DET,SF,75,0,1237,.402,.507,.335,.504,.833,.544,.225,.609,86,93,93,93,107,94,93,145,-29.1,-26.4,,fontesi01
229,Cole Anthony,24,ORL,PG,67,22,1234,.424,.471,.353,.494,.823,.531,.208,.401,91,86,98,91,106,92,86,95,-52.8,-53.0,,anthoco01
230,Ben Sheppard,23,IND,SG,63,9,1228,.418,.591,.342,.537,.889,.555,.094,.693,89,108,95,99,114,96,39,165,-3.7,-12.4,,sheppbe01
231,Daniel Gafford,26,DAL,C,57,31,1226,.702,.702,,.702,.689,.716,.486,.000,150,129,,129,88,124,200,0,128.3,137.2,,gaffoda01
232,John Collins,27,UTA,PF,40,31,1220,.527,.577,.399,.583,.848,.628,.309,.279,113,106,111,107,109,109,127,66,42.3,62.9,,collijo01
233,Caleb Martin,29,2TM,SF,45,24,1218,.424,.458,.359,.485,.622,.513,.322,.339,91,84,100,89,80,89,133,80,-35.2,-44.0,,martica02
233,Caleb Martin,29,PHI,SF,31,24,943,.435,.469,.379,.506,.622,.531,.319,.375,93,86,105,93,80,92,131,89,-17.0,-23.9,,martica02
233,Caleb Martin,29,DAL,SF,14,0,275,.389,.429,.250,.417,.625,.454,.333,.222,83,79,69,77,80,79,137,53,-18.2,-20.1,,martica02
234,Kristaps Porziņģis,29,BOS,C,42,42,1210,.483,.537,.412,.572,.809,.618,.347,.436,103,99,114,105,104,107,143,103,33.6,55.6,,porzikr01
235,Brandon Clarke,28,MEM,PF,64,18,1207,.621,.647,.059,.622,.701,.638,.229,.045,133,119,16,115,90,111,94,11,60.3,52.0,,clarkbr01
236,Deandre Ayton,26,POR,C,40,40,1206,.566,.594,.188,.573,.667,.583,.128,.068,121,109,52,105,85,101,53,16,27.7,6.3,,aytonde01
237,Jarace Walker,21,IND,PF,75,5,1187,.472,.543,.405,.576,.667,.590,.192,.514,101,100,113,106,85,102,79,122,24.0,11.2,,walkeja02
238,Kawhi Leonard,33,LAC,SF,37,37,1180,.498,.536,.411,.560,.810,.589,.194,.305,107,98,114,103,104,102,80,72,21.3,16.7,,leonaka01
239,Clint Capela,30,ATL,C,55,41,1176,.559,.560,.000,.559,.536,.564,.249,.003,120,103,0,103,69,98,102,1,12.4,-10.6,,capelca01
240,Cody Martin,29,2TM,SF,53,8,1173,.418,.534,.285,.485,.705,.509,.188,.465,90,98,79,89,90,88,77,110,-38.0,-47.5,,martico01
240,Cody Martin,29,CHO,SF,39,8,967,.433,.528,.323,.507,.694,.528,.183,.463,93,97,90,93,89,92,75,110,-19.1,-27.7,,martico01
240,Cody Martin,29,PHO,SF,14,0,206,.351,.567,.111,.377,.750,.417,.211,.474,75,104,31,69,96,72,87,112,-18.9,-19.8,,martico01
241,Mark Williams,23,CHO,C,44,41,1171,.604,.609,.000,.604,.804,.647,.365,.009,129,112,0,111,103,112,150,2,54.5,73.2,,willima07
242,Precious Achiuwa,25,NYK,C,57,10,1170,.502,.529,.278,.517,.594,.530,.211,.110,107,97,77,95,76,92,87,26,-17.2,-32.8,,achiupr01
243,Nikola Jović,21,MIA,PF,46,10,1156,.456,.563,.371,.560,.828,.595,.231,.557,98,103,103,103,106,103,95,132,12.5,15.4,,jovicni01
244,Justin Edwards,21,PHI,SF,44,26,1155,.455,.548,.363,.546,.696,.559,.122,.503,97,101,101,101,89,97,50,119,2.4,-13.9,,edwarju01
245,Vit Krejci,24,ATL,PG,57,16,1153,.497,.640,.437,.651,.711,.661,.154,.705,106,117,121,120,91,115,63,168,62.8,52.7,,krejcvi01
246,Jonathan Kuminga,22,GSW,PF,47,10,1144,.454,.508,.305,.495,.668,.535,.414,.266,97,93,85,91,86,93,170,63,-54.9,-54.7,,kuminjo01
247,Kevon Looney,28,GSW,C,76,6,1142,.514,.516,.400,.518,.566,.535,.356,.018,110,95,111,95,73,93,147,4,-13.9,-26.6,,looneke01
248,Kenrich Williams,30,OKC,PF,69,7,1132,.483,.574,.386,.576,.718,.587,.110,.483,103,105,107,106,92,102,45,115,23.5,8.3,,willike04
249,Julian Phillips,21,CHI,SF,79,5,1123,.446,.582,.327,.533,.789,.571,.265,.533,95,107,91,98,101,99,109,127,-5.7,-3.3,,phillju01
250,Aaron Nesmith,25,IND,SF,45,37,1123,.507,.587,.431,.617,.913,.653,.211,.515,108,108,120,114,117,113,87,122,56.4,63.7,,nesmiaa01
251,Dalano Banton,25,POR,PG,67,7,1120,.391,.442,.324,.462,.728,.497,.247,.438,84,81,90,85,93,86,102,104,-82.7,-88.6,,bantoda01
252,Ben Simmons,28,2TM,PG,51,24,1120,.520,.520,,.520,.727,.539,.148,.000,111,95,,96,93,94,61,0,-10.2,-17.7,,simmobe01
252,Ben Simmons,28,BRK,PG,33,24,825,.547,.547,,.547,.692,.562,.153,.000,117,100,,101,89,98,63,0,1.4,-5.1,,simmobe01
252,Ben Simmons,28,LAC,PG,18,0,295,.434,.434,,.434,.857,.464,.132,.000,93,80,,80,110,80,54,0,-11.6,-12.6,,simmobe01
253,Ja'Kobe Walter,20,TOR,SG,52,18,1103,.405,.454,.349,.487,.795,.523,.211,.473,87,83,97,90,102,91,87,112,-43.9,-46.0,,walteja01
254,Jaxson Hayes,24,LAL,C,56,35,1093,.722,.732,.000,.722,.622,.720,.439,.013,155,134,0,133,80,125,181,3,79.8,76.3,,hayesja02
255,Cameron Payne,30,NYK,PG,72,5,1090,.401,.453,.363,.506,.907,.532,.121,.574,86,83,101,93,116,92,50,136,-33.4,-41.3,,payneca01
256,Jonathan Isaac,27,ORL,PF,71,1,1090,.414,.549,.258,.474,.682,.512,.330,.466,89,101,72,87,87,89,136,111,-44.9,-47.6,,isaacjo01
257,DaQuan Jeffries,27,CHO,SG,47,20,1071,.405,.496,.335,.500,.800,.518,.103,.564,87,91,93,92,103,90,42,134,-25.1,-35.6,,jeffrda01
258,Jusuf Nurkić,30,2TM,C,51,32,1063,.477,.551,.305,.523,.664,.555,.364,.298,102,101,85,96,85,96,150,71,-14.3,-17.5,,nurkiju01
258,Jusuf Nurkić,30,PHO,C,25,23,592,.454,.529,.322,.512,.696,.556,.423,.362,97,97,89,94,89,96,174,86,-10.0,-7.8,,nurkiju01
258,Jusuf Nurkić,30,CHO,C,26,9,471,.497,.566,.283,.532,.627,.554,.312,.243,106,104,78,98,80,96,129,58,-4.3,-9.7,,nurkiju01
259,Seth Curry,34,CHO,SG,68,14,1062,.478,.503,.456,.599,.846,.616,.114,.531,102,92,127,110,109,107,47,126,38.5,29.0,,curryse01
260,Cody Williams,20,UTA,SG,50,21,1060,.323,.393,.259,.391,.725,.419,.156,.525,69,72,72,72,93,73,64,125,-78.1,-86.4,,willico04
261,Isaac Okoro,24,CLE,SG,55,22,1053,.464,.586,.371,.569,.717,.587,.172,.566,99,108,103,105,92,102,71,134,14.0,6.0,,okorois01
262,Oso Ighodaro,22,PHO,PF,61,6,1045,.604,.611,.000,.604,.580,.610,.267,.011,129,112,0,111,74,106,110,3,22.9,14.2,,ighodos01
263,Jared Butler,24,2TM,SG,60,17,1044,.448,.504,.355,.514,.824,.549,.201,.373,96,92,99,95,106,95,83,89,-26.1,-27.1,,butleja02
263,Jared Butler,24,WAS,PG,32,0,362,.483,.519,.366,.526,.778,.562,.256,.233,103,95,102,97,100,98,105,55,-6.2,-5.6,,butleja02
263,Jared Butler,24,PHI,SG,28,17,682,.426,.490,.352,.507,.870,.540,.166,.462,91,90,98,93,112,94,68,110,-19.9,-21.5,,butleja02
264,Jamison Battle,23,TOR,SF,59,10,1042,.429,.500,.405,.581,.889,.590,.052,.746,92,92,113,107,114,102,21,177,26.1,10.0,,battlja01
265,Noah Clowney,20,BRK,PF,46,20,1042,.358,.414,.333,.474,.838,.516,.215,.702,77,76,93,87,107,90,89,167,-51.0,-49.2,,clownno01
266,Alex Caruso,30,OKC,SG,54,3,1041,.446,.556,.353,.541,.824,.568,.162,.541,95,102,98,100,106,99,67,129,-1.0,-5.7,,carusal01
267,Kris Murray,24,POR,SF,69,6,1040,.419,.566,.225,.468,.456,.472,.204,.430,90,104,62,86,58,82,84,102,-42.0,-63.4,,murrakr01
268,Dejounte Murray,28,NOP,PG,31,31,1012,.393,.444,.299,.445,.823,.494,.251,.352,84,81,83,82,105,86,103,84,-96.6,-90.1,,murrade01
269,Jalen Suggs,23,ORL,PG,35,35,1002,.410,.506,.314,.489,.882,.536,.229,.503,88,93,87,90,113,93,94,119,-52.4,-43.1,,suggsja01
270,Kyle Anderson,31,2TM,PF,61,4,1002,.469,.502,.357,.510,.738,.538,.215,.231,100,92,99,94,95,93,88,55,-20.1,-25.1,,anderky01
270,Kyle Anderson,31,GSW,PF,36,3,541,.450,.487,.365,.506,.667,.522,.160,.308,96,89,101,93,85,91,66,73,-12.6,-19.4,,anderky01
270,Kyle Anderson,31,MIA,SF,25,1,461,.493,.517,.333,.515,.789,.557,.284,.134,105,95,93,95,101,97,117,32,-7.5,-5.7,,anderky01
271,Brandon Boston Jr.,23,NOP,SG,42,10,993,.436,.485,.350,.500,.788,.535,.223,.367,93,89,97,92,101,93,92,87,-32.8,-34.2,,bostobr01
272,Dalen Terry,22,CHI,SG,73,5,987,.448,.506,.356,.517,.710,.546,.257,.388,96,93,99,95,91,95,106,92,-14.1,-17.8,,terryda01
273,Andre Jackson Jr.,23,MIL,SG,67,43,980,.477,.529,.395,.553,.500,.554,.122,.386,102,97,110,102,64,96,50,92,4.0,-9.2,,jacksan01
274,Zach Collins,27,2TM,PF,64,12,977,.507,.617,.302,.560,.885,.605,.258,.351,108,113,84,103,113,105,106,83,10.0,19.4,,colliza01
274,Zach Collins,27,SAS,C,36,4,425,.462,.547,.304,.515,.886,.566,.265,.348,99,100,84,95,114,98,109,83,-7.4,-2.9,,colliza01
274,Zach Collins,27,CHI,PF,28,8,552,.541,.673,.300,.594,.884,.635,.253,.353,116,123,83,109,113,110,104,84,17.4,22.3,,colliza01
275,Trayce Jackson-Davis,24,GSW,C,62,37,967,.576,.582,.000,.576,.578,.587,.338,.010,123,107,0,106,74,102,139,2,20.0,7.3,,jackstr02
276,Thomas Bryant,27,2TM,C,66,8,963,.508,.665,.324,.583,.859,.614,.199,.461,109,122,90,107,110,107,82,109,25.4,26.7,,bryanth01
276,Thomas Bryant,27,MIA,C,10,0,115,.429,.545,.353,.536,1.000,.624,.393,.607,92,100,98,99,128,108,162,144,-0.4,3.2,,bryanth01
276,Thomas Bryant,27,IND,C,56,8,848,.515,.673,.321,.587,.830,.613,.181,.447,110,123,89,108,106,106,74,106,25.8,23.5,,bryanth01
277,Jalen Smith,24,CHI,C,64,2,962,.466,.634,.324,.554,.809,.586,.218,.544,100,116,90,102,104,102,90,129,8.9,8.7,,smithja04
278,Jordan Clarkson,32,UTA,SG,37,9,962,.408,.448,.362,.493,.797,.540,.290,.471,87,82,101,91,102,94,119,112,-49.5,-40.6,,clarkjo01
279,Gary Payton II,32,GSW,SG,62,11,927,.574,.690,.326,.626,.711,.635,.128,.319,123,127,91,115,91,110,53,76,49.3,37.3,,paytoga02
280,Brandon Miller,22,CHO,SF,27,27,924,.403,.475,.355,.509,.861,.540,.161,.597,86,87,99,94,110,94,66,142,-33.3,-37.9,,millebr02
281,Bruce Brown,28,2TM,PG,41,12,922,.421,.452,.333,.464,.815,.504,.210,.262,90,83,93,86,105,87,87,62,-48.6,-49.1,,brownbr01
281,Bruce Brown,28,TOR,PG,18,0,353,.435,.484,.306,.477,.897,.525,.221,.275,93,89,85,88,115,91,91,65,-17.3,-14.7,,brownbr01
281,Bruce Brown,28,NOP,PG,23,12,569,.410,.429,.356,.455,.750,.488,.202,.253,88,79,99,84,96,85,83,60,-31.3,-34.4,,brownbr01
282,Immanuel Quickley,25,TOR,PG,33,33,918,.420,.465,.378,.517,.867,.570,.292,.514,90,85,105,95,111,99,120,122,-22.7,-5.6,,quickim01
283,Trendon Watford,24,BRK,PF,44,6,913,.469,.515,.330,.510,.762,.557,.349,.251,100,95,91,94,98,97,144,60,-23.1,-15.2,,watfotr01
284,KJ Martin,24,2TM,PF,43,16,912,.552,.671,.259,.590,.787,.618,.234,.289,118,123,72,109,101,107,96,69,18.7,18.5,,martike04
284,KJ Martin,24,PHI,PF,24,7,480,.616,.679,.381,.657,.828,.689,.293,.212,132,125,106,121,106,120,121,50,22.5,25.2,,martike04
284,KJ Martin,24,UTA,SF,19,9,432,.490,.662,.189,.525,.722,.546,.176,.363,105,121,53,97,93,95,73,86,-3.8,-6.7,,martike04
285,Jaden Hardy,22,DAL,SG,57,3,907,.435,.479,.386,.527,.698,.549,.208,.476,93,88,107,97,89,95,86,113,-13.7,-24.7,,hardyja02
286,Day'Ron Sharpe,23,BRK,C,50,2,907,.521,.566,.244,.538,.757,.568,.233,.142,111,104,68,99,97,99,96,34,-3.3,-5.8,,sharpda01
287,Adem Bona,21,PHI,C,58,11,905,.703,.707,.000,.703,.670,.714,.521,.005,150,130,0,129,86,124,214,1,61.5,65.0,,bonaad01
288,Tre Jones,25,2TM,PG,46,9,905,.538,.574,.396,.578,.821,.617,.282,.202,115,105,110,106,105,107,116,48,16.5,21.8,,jonestr01
288,Tre Jones,25,SAS,PG,28,0,450,.484,.552,.308,.527,.758,.572,.355,.280,104,101,85,97,97,99,146,66,-3.0,-0.9,,jonestr01
288,Tre Jones,25,CHI,PG,18,9,455,.572,.585,.500,.610,.882,.647,.234,.152,123,107,139,112,113,112,97,36,19.5,22.7,,jonestr01
289,Jaden Ivey,22,DET,SG,30,30,898,.460,.490,.409,.536,.733,.569,.281,.373,98,90,114,99,94,99,116,89,-5.6,-6.7,,iveyja01
290,Kelly Olynyk,33,2TM,C,44,22,891,.500,.534,.418,.562,.769,.609,.403,.295,107,98,116,103,99,106,166,70,9.9,20.4,,olynyke01
290,Kelly Olynyk,33,TOR,C,24,2,383,.500,.533,.442,.581,.791,.624,.364,.364,107,98,123,107,101,108,150,87,8.8,13.2,,olynyke01
290,Kelly Olynyk,33,NOP,C,20,20,508,.500,.535,.389,.547,.754,.596,.433,.240,107,98,108,101,97,103,178,57,1.1,7.2,,olynyke01
291,Chet Holmgren,22,OKC,C,32,32,877,.490,.547,.379,.554,.754,.599,.393,.340,105,100,105,102,97,104,162,81,7.6,18.1,,holmgch01
292,Neemias Queta,25,BOS,C,62,6,863,.650,.660,.000,.650,.754,.674,.300,.015,139,121,0,120,97,117,124,4,43.5,45.1,,quetane01
293,Alec Burks,33,MIA,SG,49,14,863,.424,.422,.425,.587,.776,.608,.181,.764,91,77,118,108,99,106,74,181,23.7,18.9,,burksal01
294,Chris Boucher,32,TOR,PF,50,0,862,.492,.633,.363,.586,.782,.615,.235,.522,105,116,101,108,100,107,97,124,32.1,31.5,,bouchch01
295,Zion Williamson,24,NOP,PF,30,30,857,.567,.576,.231,.570,.656,.600,.474,.026,121,106,64,105,84,104,195,6,27.2,29.4,,willizi01
296,Khris Middleton,33,2TM,SF,37,21,843,.475,.549,.361,.546,.857,.588,.249,.395,102,101,100,101,110,102,103,94,1.9,9.0,,middlkh01
296,Khris Middleton,33,MIL,SF,23,7,534,.512,.584,.407,.595,.848,.627,.218,.408,110,107,113,110,109,109,90,97,21.8,23.5,,middlkh01
296,Khris Middleton,33,WAS,SF,14,14,309,.413,.494,.277,.464,.868,.526,.302,.373,88,91,77,85,111,91,124,89,-19.9,-14.5,,middlkh01
297,KJ Simpson,22,CHO,PG,36,15,842,.346,.415,.254,.400,.820,.437,.166,.432,74,76,70,74,105,76,68,103,-85.9,-90.2,,simpskj01
298,Shake Milton,28,2TM,SG,57,2,837,.453,.520,.358,.528,.797,.563,.232,.417,97,95,100,97,102,98,96,99,-7.9,-7.7,,miltosh01
298,Shake Milton,28,BRK,SG,27,1,492,.465,.529,.389,.554,.758,.580,.210,.459,100,97,108,102,97,101,87,109,3.5,1.3,,miltosh01
298,Shake Milton,28,LAL,SG,30,1,345,.433,.508,.294,.485,.846,.535,.268,.351,93,93,82,89,109,93,110,83,-11.4,-9.0,,miltosh01
299,Dereck Lively II,20,DAL,C,36,29,833,.702,.702,,.702,.630,.704,.382,.000,150,129,,129,81,122,157,0,60.5,56.9,,livelde01
300,Garrison Mathews,28,ATL,SG,47,2,830,.397,.436,.390,.562,.821,.606,.304,.848,85,80,108,104,105,105,125,201,9.9,17.3,,mathega01
301,Cam Whitmore,20,HOU,SF,51,3,827,.444,.518,.355,.525,.750,.549,.179,.454,95,95,99,97,96,95,74,108,-14.7,-23.9,,whitmca01
302,Ryan Rollins,22,MIL,PG,56,19,820,.487,.550,.408,.577,.800,.600,.166,.443,104,101,113,106,103,104,68,105,18.7,13.9,,rolliry01
303,Marcus Sasser,24,DET,PG,57,1,811,.463,.549,.382,.561,.843,.589,.172,.514,99,101,106,103,108,102,71,122,10.5,8.0,,sassema01
304,Steven Adams,31,HOU,C,58,3,794,.545,.552,.000,.545,.462,.541,.557,.012,117,101,0,100,59,94,229,3,0.6,-14.6,,adamsst01
305,Aaron Holiday,28,HOU,PG,62,3,792,.437,.517,.398,.571,.829,.594,.153,.675,93,95,110,105,106,103,63,160,14.9,10.4,,holidaa01
306,Karlo Matković,23,NOP,PF,42,7,791,.574,.675,.318,.619,.773,.639,.187,.281,123,124,88,114,99,111,77,67,35.8,31.9,,matkoka01
307,Caleb Houstan,22,ORL,SF,58,6,788,.421,.533,.400,.589,.882,.605,.089,.842,90,98,111,109,113,105,37,200,17.6,11.4,,houstca01
308,Vasilije Micić,31,2TM,PG,41,16,785,.348,.338,.360,.430,.829,.462,.150,.458,74,62,100,79,106,80,62,109,-61.5,-66.4,,micicva01
308,Vasilije Micić,31,CHO,PG,36,16,764,.348,.338,.360,.430,.829,.462,.150,.458,74,62,100,79,106,80,62,109,-61.5,-66.4,,micicva01
308,Vasilije Micić,31,PHO,PG,5,0,21,,,,,,,,,,,,,,,,,0.0,0.0,,micicva01
309,Jaylin Williams,22,OKC,PF,47,9,784,.439,.529,.399,.577,.767,.594,.136,.692,94,97,111,106,98,103,56,164,15.0,8.1,,willija07
310,Pelle Larsson,23,MIA,SG,55,8,782,.438,.528,.337,.517,.672,.546,.300,.468,94,97,94,95,86,95,124,111,-10.5,-13.9,,larsspe01
311,Cam Thomas,23,BRK,SG,25,23,781,.438,.506,.349,.513,.881,.575,.333,.430,94,93,97,95,113,100,137,102,-27.1,-0.7,,thomaca02
312,Lindy Waters III,27,2TM,SG,52,9,778,.369,.444,.344,.498,.727,.504,.044,.747,79,82,96,92,93,88,18,177,-22.5,-36.5,,waterli01
312,Lindy Waters III,27,GSW,SG,38,9,655,.371,.474,.331,.490,.727,.498,.054,.722,79,87,92,90,93,86,22,171,-21.7,-32.8,,waterli01
312,Lindy Waters III,27,DET,SG,14,0,123,.364,.167,.395,.534,,.534,.000,.864,78,31,110,98,,93,0,205,-0.8,-3.7,,waterli01
313,Lonzo Ball,27,CHI,PG,35,14,777,.366,.458,.344,.504,.815,.524,.111,.802,78,84,95,93,104,91,46,191,-18.9,-26.7,,balllo01
314,Orlando Robinson,24,2TM,C,44,8,770,.444,.474,.327,.477,.771,.519,.268,.199,95,87,91,88,99,90,110,47,-34.5,-33.2,,robinor01
314,Orlando Robinson,24,SAC,C,9,0,57,.412,.500,.200,.441,.571,.473,.412,.294,88,92,56,81,73,82,170,70,-3.5,-4.1,,robinor01
314,Orlando Robinson,24,TOR,C,35,8,713,.447,.472,.340,.480,.794,.523,.258,.193,96,87,95,88,102,91,106,46,-31.0,-29.1,,robinor01
315,Eric Gordon,36,PHI,SG,39,13,768,.426,.463,.409,.564,.750,.591,.235,.672,91,85,113,104,96,103,97,159,8.4,6.6,,gordoer01
316,Gui Santos,22,GSW,PF,56,2,762,.458,.632,.330,.553,.690,.575,.235,.575,98,116,92,102,89,100,97,137,3.6,-0.6,,santogu01
317,Landry Shamet,27,NYK,SG,50,0,762,.461,.595,.397,.596,.667,.601,.078,.678,99,109,110,110,85,104,32,161,24.2,11.8,,shamela01
318,Svi Mykhailiuk,27,UTA,SF,38,13,760,.391,.485,.345,.507,.800,.526,.116,.672,84,89,96,93,103,91,48,160,-22.0,-31.8,,mykhasv01
319,Andre Drummond,31,PHI,C,40,23,751,.500,.533,.150,.506,.622,.535,.385,.085,107,98,42,93,80,93,158,20,-17.2,-22.3,,drumman01
320,Jabari Walker,22,POR,SF,60,1,749,.515,.573,.389,.576,.690,.601,.310,.314,110,105,108,106,88,104,128,75,15.3,13.1,,walkeja01
321,Jay Huff,26,MEM,C,64,2,748,.515,.724,.405,.648,.786,.666,.184,.656,110,133,112,119,101,116,76,156,63.7,59.1,,huffja01
322,Drew Eubanks,27,2TM,C,61,4,746,.593,.596,.500,.601,.662,.622,.366,.031,127,109,139,111,85,108,151,7,22.3,20.4,,eubandr01
322,Drew Eubanks,27,UTA,C,37,4,568,.607,.607,.600,.617,.632,.632,.393,.034,130,111,167,114,81,110,162,8,21.5,19.0,,eubandr01
322,Drew Eubanks,27,LAC,C,24,0,178,.551,.563,.000,.551,.786,.589,.286,.020,118,103,0,101,101,102,118,5,0.8,1.4,,eubandr01
323,Talen Horton-Tucker,24,CHI,SG,58,0,724,.457,.544,.336,.527,.735,.567,.337,.419,98,100,93,97,94,98,139,100,-9.1,-6.0,,hortota01
324,Gary Harris,30,ORL,SG,48,3,711,.383,.469,.356,.519,.583,.524,.090,.759,82,86,99,96,75,91,37,180,-6.5,-14.4,,harriga01
325,Micah Potter,26,UTA,C,38,10,705,.422,.703,.316,.537,.850,.563,.148,.726,90,129,88,99,109,98,61,172,-1.6,-3.7,,pottemi01
326,Jett Howard,21,ORL,SF,60,0,701,.374,.566,.296,.479,.696,.491,.088,.710,80,104,82,88,89,85,36,169,-33.6,-46.6,,howarje01
327,DeAndre Jordan,36,DEN,C,56,5,691,.650,.650,,.650,.422,.621,.457,.000,139,119,,120,54,108,188,0,29.9,15.2,,jordade01
328,Quinten Post,24,GSW,PF,42,14,686,.449,.526,.408,.582,.778,.595,.099,.653,96,97,113,107,100,103,41,155,21.4,10.6,,postqu01
329,Blake Wesley,21,SAS,SG,58,0,683,.435,.500,.293,.481,.623,.510,.328,.312,93,92,81,89,80,88,135,74,-23.0,-28.3,,weslebl01
330,Sandro Mamukelashvili,25,SAS,PF,61,0,681,.502,.675,.373,.609,.741,.628,.206,.573,107,124,103,112,95,109,85,136,36.8,31.8,,mamuksa01
331,Marcus Smart,30,2TM,PG,34,7,680,.393,.448,.348,.488,.761,.529,.276,.549,84,82,96,90,98,92,114,130,-28.1,-27.2,,smartma01
331,Marcus Smart,30,MEM,PG,19,6,400,.358,.414,.322,.456,.833,.504,.243,.608,77,76,89,84,107,87,100,144,-25.7,-23.8,,smartma01
331,Marcus Smart,30,WAS,PG,15,1,280,.440,.483,.392,.532,.686,.563,.321,.468,94,89,109,98,88,98,132,111,-2.4,-3.4,,smartma01
332,Jalen Pickett,25,DEN,SG,49,4,666,.428,.468,.396,.539,.750,.545,.044,.561,92,86,110,99,96,95,18,133,-1.5,-11.5,,pickeja02
333,Tosan Evbuomwan,23,BRK,SF,28,0,665,.427,.490,.312,.482,.753,.530,.332,.350,91,90,87,89,97,92,137,83,-26.9,-23.5,,evbuoto01
334,Antonio Reeves,24,NOP,SG,44,6,660,.456,.521,.395,.558,.800,.579,.141,.520,98,96,110,103,103,100,58,124,7.6,1.5,,reevean01
335,Kyle Lowry,38,PHI,PG,35,12,659,.350,.414,.330,.474,.818,.525,.282,.752,75,76,91,87,105,91,116,179,-16.1,-13.6,,lowryky01
336,Reed Sheppard,20,HOU,PG,52,3,654,.351,.371,.338,.452,.813,.465,.067,.594,75,68,94,83,104,81,28,141,-43.6,-54.5,,sheppre01
337,Herbert Jones,26,NOP,SF,20,20,648,.436,.530,.306,.500,.825,.541,.233,.419,93,97,85,92,106,94,96,99,-14.8,-13.5,,joneshe01
338,AJ Johnson,20,2TM,SG,29,11,639,.385,.472,.267,.441,.865,.480,.174,.423,82,87,74,81,111,83,72,100,-43.3,-44.2,,johnsaj01
338,AJ Johnson,20,MIL,SG,7,0,44,.421,.357,.600,.500,.500,.503,.105,.263,90,66,167,92,64,87,43,62,-1.6,-2.9,,johnsaj01
338,AJ Johnson,20,WAS,SG,22,11,595,.381,.486,.247,.436,.886,.478,.180,.438,82,89,69,80,114,83,74,104,-41.7,-41.3,,johnsaj01
339,Maxi Kleber,33,DAL,PF,34,4,637,.385,.511,.265,.453,.762,.489,.219,.510,82,94,74,83,98,85,90,121,-17.3,-18.3,,klebima01
340,Delon Wright,32,2TM,PG,40,7,635,.344,.431,.274,.420,.600,.440,.191,.557,74,79,76,77,77,76,79,132,-32.3,-38.6,,wrighde01
340,Delon Wright,32,MIL,PG,26,2,405,.268,.303,.245,.341,.563,.365,.195,.598,57,56,68,63,72,63,80,142,-33.1,-37.6,,wrighde01
340,Delon Wright,32,NYK,PG,14,5,230,.469,.600,.333,.551,.667,.566,.184,.490,100,110,93,101,85,98,76,116,0.8,-1.0,,wrighde01
341,Jericho Sims,26,2TM,C,53,5,632,.634,.634,,.634,.615,.639,.183,.000,136,116,,117,79,111,75,0,12.8,9.6,,simsje01
341,Jericho Sims,26,NYK,C,39,5,422,.609,.609,,.609,.615,.619,.283,.000,130,112,,112,79,107,116,0,6.0,4.4,,simsje01
341,Jericho Sims,26,MIL,C,14,0,210,.680,.680,,.680,,.680,.000,.000,146,125,,125,,118,0,0,6.8,5.2,,simsje01
342,Josh Okogie,26,2TM,SG,40,7,625,.443,.517,.348,.519,.741,.567,.401,.434,95,95,97,96,95,98,165,103,-10.2,-4.4,,okogijo01
342,Josh Okogie,26,PHO,SG,25,1,351,.491,.556,.381,.561,.688,.586,.281,.368,105,102,106,103,88,102,116,87,4.2,2.4,,okogijo01
342,Josh Okogie,26,CHO,SG,15,6,274,.388,.458,.320,.469,.774,.548,.541,.510,83,84,89,86,99,95,223,121,-14.4,-6.8,,okogijo01
343,Jeff Dowtin Jr.,27,PHI,PG,41,3,621,.487,.525,.400,.548,.733,.570,.196,.304,104,96,111,101,94,99,81,72,2.2,-2.9,,dowtije01
344,Daniel Theis,32,NOP,C,38,9,621,.473,.565,.243,.508,.838,.558,.287,.287,101,104,68,93,107,97,118,68,-9.1,-5.4,,theisda01
345,Cory Joseph,33,ORL,PG,50,16,612,.403,.489,.364,.529,.778,.547,.117,.695,86,90,101,97,100,95,48,165,-4.3,-9.6,,josepco01
346,Zeke Nnaji,24,DEN,PF,57,4,608,.496,.596,.327,.557,.614,.574,.312,.369,106,109,91,103,79,100,128,88,3.9,-0.8,,nnajize01
347,Kessler Edwards,24,DAL,SF,40,18,608,.496,.556,.407,.578,.923,.597,.096,.400,106,102,113,106,118,104,40,95,9.4,5.8,,edwarke02
348,Pat Connaughton,32,MIL,SG,41,1,603,.469,.594,.321,.542,.774,.567,.175,.458,100,109,89,100,99,98,72,109,-0.2,-3.7,,connapa01
349,Ajay Mitchell,22,OKC,SG,36,1,597,.495,.548,.383,.557,.829,.587,.190,.326,106,101,106,103,106,102,78,77,5.2,4.2,,mitchaj01
350,Brandon Ingram,27,NOP,SF,18,18,595,.465,.514,.374,.530,.855,.560,.165,.345,100,94,104,98,110,97,68,82,-8.7,-11.6,,ingrabr01
351,Jared McCain,20,PHI,SG,23,8,592,.460,.532,.383,.553,.875,.589,.204,.485,98,98,106,102,112,102,84,115,5.4,7.9,,mccaija01
352,Cam Reddish,25,LAL,SF,33,8,589,.404,.532,.277,.473,.615,.498,.277,.500,87,98,77,87,79,86,114,119,-13.1,-16.5,,reddica01
353,Jae'Sean Tate,29,HOU,SF,52,2,588,.473,.529,.348,.527,.681,.557,.318,.311,101,97,97,97,87,97,131,74,-4.7,-6.4,,tateja01
354,Olivier-Maxence Prosper,22,DAL,PF,52,4,584,.402,.472,.235,.437,.645,.484,.437,.293,86,87,65,80,83,84,180,70,-37.0,-38.0,,prospol01
355,Jarred Vanderbilt,25,LAL,PF,36,2,581,.488,.562,.281,.525,.556,.537,.298,.264,104,103,78,97,71,93,123,63,-4.4,-10.7,,vandeja01
356,Joel Embiid,30,PHI,C,19,19,574,.444,.492,.299,.481,.882,.580,.537,.244,95,90,83,89,113,101,221,58,-39.1,3.3,,embiijo01
357,Monte Morris,29,PHO,PG,45,0,571,.426,.477,.360,.505,.857,.546,.215,.441,91,88,100,93,110,95,89,105,-14.8,-13.0,,morrimo01
358,Moritz Wagner,27,ORL,C,30,1,564,.562,.649,.360,.616,.718,.649,.442,.301,120,119,100,114,92,113,182,72,36.6,43.3,,wagnemo01
359,Malcolm Brogdon,32,WAS,PG,24,13,564,.433,.478,.286,.467,.880,.544,.383,.233,93,88,79,86,113,94,158,55,-36.7,-18.2,,brogdma01
360,John Konchar,28,MEM,SG,46,4,558,.451,.621,.371,.577,.875,.592,.088,.681,96,114,103,106,112,103,36,162,6.2,3.1,,konchjo01
361,Dwight Powell,33,DAL,C,55,3,551,.689,.714,.400,.705,.651,.713,.705,.082,147,131,111,130,84,124,290,19,19.7,21.9,,poweldw01
362,Dillon Jones,23,OKC,SF,54,3,551,.383,.500,.254,.444,.607,.464,.211,.474,82,92,71,82,78,81,87,112,-26.5,-32.5,,jonesdi01
363,Jordan Goodwin,26,LAL,PG,29,5,543,.438,.487,.382,.528,.818,.541,.076,.472,94,89,106,97,105,94,31,112,-4.4,-10.5,,goodwjo01
364,Richaun Holmes,31,WAS,PF,31,7,534,.647,.662,.000,.647,.833,.695,.432,.022,139,121,0,119,107,121,178,5,29.0,39.4,,holmeri01
365,Mouhamed Gueye,22,ATL,PF,33,28,533,.421,.567,.259,.482,.762,.520,.246,.474,90,104,72,89,98,90,101,112,-20.7,-21.4,,gueyemo02
366,Bismack Biyombo,32,SAS,C,28,26,528,.588,.588,,.588,.400,.576,.219,.000,126,108,,108,51,100,90,0,10.2,0.0,,biyombi01
367,Jaylen Clark,23,MIN,SG,40,4,522,.467,.493,.431,.558,.784,.598,.308,.425,100,90,120,103,101,104,127,101,3.7,6.0,,clarkja02
368,Rob Dillingham,20,MIN,PG,49,1,516,.441,.496,.338,.500,.533,.503,.071,.351,94,91,94,92,68,87,29,83,-18.2,-31.8,,dilliro01
369,Colby Jones,22,2TM,SG,39,0,515,.457,.538,.327,.519,.657,.544,.271,.380,98,99,91,96,84,94,112,90,-6.1,-9.4,,jonesco02
369,Colby Jones,22,SAC,SG,24,0,130,.423,.438,.400,.500,,.500,.000,.385,91,80,111,92,,87,0,91,-2.2,-4.0,,jonesco02
369,Colby Jones,22,WAS,SG,15,0,385,.466,.563,.308,.524,.657,.553,.340,.379,100,103,85,97,84,96,140,90,-3.9,-5.4,,jonesco02
370,Craig Porter Jr.,24,CLE,PG,51,1,513,.514,.554,.438,.589,.719,.610,.229,.343,110,102,121,109,92,106,94,81,12.9,10.4,,portecr01
371,Tristan Vukcevic,21,WAS,C,35,1,513,.496,.586,.373,.574,.776,.608,.277,.421,106,107,103,106,100,105,114,100,15.2,17.2,,vukcetr01
372,Elfrid Payton,30,2TM,PG,24,9,511,.328,.336,.167,.332,.571,.340,.057,.049,70,62,46,61,73,59,24,12,-51.5,-59.1,,paytoel01
372,Elfrid Payton,30,NOP,PG,18,7,388,.366,.379,.167,.371,.571,.380,.069,.059,78,70,46,68,73,66,29,14,-34.7,-40.9,,paytoel01
372,Elfrid Payton,30,CHO,PG,6,2,123,.143,.143,,.143,,.143,.000,.000,31,26,,26,,25,0,0,-16.8,-18.2,,paytoel01
373,Jamal Cain,25,NOP,SF,37,0,502,.430,.538,.325,.513,.680,.544,.316,.506,92,99,90,94,87,94,130,120,-9.6,-11.4,,cainja01
374,Keaton Wallace,25,ATL,PG,31,5,501,.401,.475,.329,.485,1.000,.503,.068,.506,86,87,91,89,128,87,28,120,-19.0,-24.3,,wallake01
375,Jock Landale,29,HOU,C,42,3,500,.533,.556,.423,.569,.675,.590,.263,.171,114,102,117,105,87,102,108,41,7.9,4.6,,landajo01
376,Vince Williams Jr.,24,MEM,SG,27,5,499,.401,.569,.274,.479,.792,.504,.144,.569,86,104,76,88,102,87,59,135,-21.4,-25.6,,willivi01
377,Wendell Moore Jr.,23,2TM,SG,36,1,499,.468,.529,.341,.524,.818,.553,.175,.325,100,97,95,96,105,96,72,77,-4.8,-6.3,,moorewe01
377,Wendell Moore Jr.,23,DET,SG,20,1,219,.460,.528,.286,.500,.929,.561,.280,.280,98,97,79,92,119,97,115,66,-4.3,-1.7,,moorewe01
377,Wendell Moore Jr.,23,CHO,SG,16,0,280,.474,.531,.370,.539,.625,.547,.105,.355,101,97,103,99,80,95,43,84,-0.5,-4.6,,moorewe01
378,Brandon Williams,25,DAL,PG,33,3,487,.521,.578,.400,.585,.833,.634,.351,.319,112,106,111,108,107,110,145,76,15.8,24.9,,willibr03
379,A.J. Lawson,24,TOR,SG,26,2,486,.421,.528,.327,.508,.683,.542,.332,.532,90,97,91,94,88,94,137,126,-13.4,-14.9,,lawsoaj01
380,Grant Williams,26,CHO,PF,16,7,479,.439,.551,.365,.549,.838,.596,.301,.602,94,101,101,101,107,103,124,143,1.4,5.5,,willigr01
381,Lonnie Walker IV,26,PHI,SG,20,7,477,.420,.518,.354,.526,.800,.548,.142,.599,90,95,98,97,103,95,58,142,-7.3,-12.5,,walkelo01
382,Duop Reath,28,POR,C,46,0,469,.422,.600,.321,.524,.909,.552,.133,.639,90,110,89,97,117,96,55,152,-6.3,-8.4,,reathdu01
383,Reece Beekman,23,2TM,PG,36,4,469,.327,.418,.175,.360,.762,.400,.196,.374,70,77,49,66,98,69,81,89,-39.2,-41.0,,beekmre01
383,Reece Beekman,23,GSW,PG,2,0,4,1.000,1.000,,1.000,,1.000,.000,.000,214,183,,184,,174,0,0,0.9,0.8,,beekmre01
383,Reece Beekman,23,BRK,PG,34,4,465,.321,.409,.175,.354,.762,.395,.198,.377,69,75,49,65,98,69,82,90,-40.1,-41.8,,beekmre01
384,Kai Jones,24,2TM,C,40,6,468,.798,.827,.200,.803,.719,.804,.294,.046,171,152,56,148,92,140,121,11,56.6,56.1,,joneska01
384,Kai Jones,24,LAC,C,28,0,208,.722,.765,.000,.722,.750,.739,.333,.056,155,140,0,133,96,128,137,13,12.9,13.4,,joneska01
384,Kai Jones,24,DAL,C,12,6,260,.836,.857,.333,.842,.700,.837,.274,.041,179,157,93,155,90,145,113,10,43.7,42.7,,joneska01
385,Larry Nance Jr.,32,ATL,PF,24,3,463,.516,.582,.447,.626,.692,.632,.084,.490,110,107,124,115,89,110,35,116,25.6,17.8,,nancela02
386,Collin Gillespie,25,PHO,PG,33,9,461,.430,.426,.433,.554,.864,.578,.139,.570,92,78,120,102,111,100,57,135,3.4,0.8,,gilleco01
387,Rayan Rupert,20,POR,SG,52,0,460,.408,.506,.271,.465,.767,.499,.211,.415,87,93,75,86,98,87,87,99,-22.2,-23.8,,ruperra01
388,GG Jackson II,20,MEM,PF,29,3,459,.372,.404,.337,.452,.725,.482,.201,.477,80,74,94,83,93,84,83,113,-36.1,-40.6,,jacksgg01
389,Jaylon Tyson,22,CLE,SG,47,3,453,.430,.484,.345,.497,.792,.523,.161,.389,92,89,96,91,102,91,66,92,-13.8,-16.9,,tysonja01
390,Bol Bol,25,PHO,PF,36,10,448,.525,.711,.344,.612,.769,.627,.142,.508,112,130,96,113,99,109,59,121,25.2,19.9,,bolbo01
391,Paul Reed,25,DET,C,45,0,438,.507,.561,.286,.535,.762,.573,.296,.197,109,103,79,99,98,99,122,47,-2.2,-0.9,,reedpa01
392,Colin Castleton,24,3TM,C,26,4,432,.469,.537,.125,.480,.763,.536,.388,.163,100,98,35,88,98,93,160,39,-12.5,-9.2,,castlco01
392,Colin Castleton,24,MEM,C,10,0,46,.200,.333,.000,.200,.909,.472,1.100,.400,43,61,0,37,117,82,453,95,-6.9,-3.1,,castlco01
392,Colin Castleton,24,TOR,C,11,4,288,.500,.536,.250,.516,.722,.549,.281,.125,107,98,69,95,93,95,116,30,-3.5,-3.9,,castlco01
392,Colin Castleton,24,PHI,C,5,0,98,.500,.600,.000,.500,.667,.536,.375,.167,107,110,0,92,85,93,154,40,-2.1,-2.2,,castlco01
393,Trevelin Queen,27,ORL,SG,31,2,430,.381,.486,.286,.456,.857,.486,.143,.524,82,89,79,84,110,84,59,124,-25.7,-28.0,,queentr01
394,Malaki Branham,21,SAS,SG,47,0,427,.458,.500,.405,.547,.818,.575,.174,.442,98,92,112,101,105,100,72,105,1.6,-0.7,,branhma01
395,Jordan Miller,25,LAC,SF,37,0,420,.433,.521,.211,.463,.800,.509,.261,.284,93,96,58,85,103,88,108,67,-21.5,-20.2,,millejo02
396,Mo Bamba,26,2TM,C,32,2,413,.464,.638,.278,.531,.704,.557,.241,.482,99,117,77,98,90,97,99,114,-2.7,-4.8,,bambamo01
396,Mo Bamba,26,LAC,C,28,2,352,.466,.623,.300,.539,.680,.561,.243,.485,100,114,83,99,87,97,100,115,-0.9,-3.4,,bambamo01
396,Mo Bamba,26,NOP,C,4,0,61,.444,.800,.000,.444,1.000,.506,.222,.444,95,147,0,82,128,88,92,106,-1.8,-1.4,,bambamo01
397,David Roddy,23,3TM,PF,33,3,410,.456,.594,.311,.532,.769,.561,.208,.488,98,109,86,98,99,97,86,116,-2.7,-4.2,,roddyda01
397,David Roddy,23,ATL,PF,27,3,346,.473,.560,.372,.559,.818,.594,.237,.462,101,103,103,103,105,103,97,110,3.0,3.7,,roddyda01
397,David Roddy,23,PHI,PF,3,0,29,.421,.750,.182,.474,,.474,.000,.579,90,138,50,87,,82,0,137,-2.6,-3.9,,roddyda01
397,David Roddy,23,HOU,PF,3,0,35,.385,.667,.143,.423,.500,.440,.308,.538,82,122,40,78,64,76,127,128,-3.1,-4.0,,roddyda01
398,Taj Gibson,39,CHO,C,37,11,409,.495,.495,.500,.500,.600,.515,.211,.021,106,91,139,92,77,89,87,5,-8.2,-12.6,,gibsota01
399,Ousmane Dieng,21,OKC,C,37,1,405,.432,.574,.324,.524,.688,.538,.128,.568,92,105,90,96,88,93,53,135,-4.8,-10.2,,diengou01
400,Jordan Walsh,20,BOS,PF,52,1,403,.361,.536,.273,.452,.583,.464,.145,.663,77,98,76,83,75,81,60,157,-15.1,-19.7,,walshjo01
401,Hunter Tyson,24,DEN,PF,51,2,400,.375,.478,.311,.471,.750,.506,.233,.617,80,88,86,87,96,88,96,146,-17.3,-18.5,,tysonhu01
402,Anthony Gill,32,WAS,PF,51,0,397,.489,.579,.323,.545,.660,.586,.568,.352,105,106,90,100,85,102,234,84,0.4,2.2,,gillan01
403,Devin Carter,22,SAC,PG,36,0,396,.370,.439,.295,.441,.591,.471,.346,.480,79,81,82,81,76,82,143,114,-25.9,-30.7,,cartede02
404,Jeff Green,38,HOU,PF,32,3,396,.504,.762,.367,.624,.808,.649,.215,.653,108,140,102,115,104,113,88,155,19.6,19.4,,greenje02
405,Trey Jemison,25,2TM,C,38,0,392,.554,.554,,.554,.394,.537,.446,.000,119,102,,102,51,93,184,0,1.6,-7.0,,jemistr01
405,Trey Jemison,25,NOP,C,16,0,166,.469,.469,,.469,.381,.461,.656,.000,100,86,,86,49,80,270,0,-4.8,-9.5,,jemistr01
405,Trey Jemison,25,LAL,C,22,0,226,.619,.619,,.619,.417,.603,.286,.000,132,114,,114,53,105,118,0,6.4,2.5,,jemistr01
406,Reggie Jackson,34,PHI,PG,31,1,384,.391,.458,.338,.485,.778,.496,.068,.556,84,84,94,89,100,86,28,132,-15.5,-21.8,,jacksre01
407,Baylor Scheierman,24,BOS,SG,31,2,384,.355,.464,.317,.473,.750,.490,.109,.745,76,85,88,87,96,85,45,177,-15.5,-19.8,,scheiba01
408,Quenton Jackson,26,IND,PG,28,7,381,.475,.524,.375,.537,.775,.580,.328,.328,102,96,104,99,99,101,135,78,-1.5,1.1,,jacksqu01
409,Alex Len,31,2TM,C,46,7,380,.508,.556,.222,.524,.471,.525,.270,.143,109,102,62,96,60,91,111,34,-2.4,-7.2,,lenal01
409,Alex Len,31,SAC,C,36,3,258,.537,.600,.167,.549,.538,.557,.317,.146,115,110,46,101,69,97,131,35,0.5,-1.8,,lenal01
409,Alex Len,31,LAL,C,10,4,122,.455,.474,.333,.477,.250,.463,.182,.136,97,87,93,88,32,80,75,32,-2.9,-5.4,,lenal01
410,Johnny Furphy,20,IND,SG,50,0,379,.380,.476,.300,.462,.818,.506,.239,.543,81,87,83,85,105,88,98,129,-14.9,-14.2,,furphjo01
411,Charles Bassey,24,SAS,C,36,1,376,.581,.581,,.581,.636,.597,.282,.000,124,107,,107,82,104,116,0,8.9,5.4,,bassech01
412,Dominick Barlow,21,ATL,SF,35,4,375,.531,.616,.259,.562,.636,.580,.292,.239,114,113,72,103,82,101,120,57,4.3,1.0,,barlodo01
413,Dante Exum,29,DAL,PG,20,13,372,.478,.506,.434,.563,.742,.589,.231,.396,102,93,120,104,95,102,95,94,5.5,3.9,,exumda01
414,Damion Baugh,24,CHO,SG,15,2,370,.323,.405,.214,.369,.867,.399,.115,.431,69,74,59,68,111,69,48,102,-45.2,-48.4,,baughda01
415,Jaden Springer,22,2TM,SG,43,2,365,.389,.548,.250,.456,.711,.511,.422,.533,83,100,69,84,91,89,174,127,-15.7,-14.0,,sprinja01
415,Jaden Springer,22,BOS,SG,26,0,141,.353,.400,.316,.441,.714,.520,.618,.559,76,73,88,81,92,90,254,133,-6.9,-4.8,,sprinja01
415,Jaden Springer,22,UTA,PG,17,2,224,.411,.630,.207,.464,.706,.504,.304,.518,88,116,57,85,91,87,125,123,-8.8,-9.2,,sprinja01
416,Robert Williams,27,POR,C,20,3,351,.641,.653,.333,.647,.882,.679,.218,.038,137,120,93,119,113,118,90,9,16.3,17.5,,williro04
417,Doug McDermott,33,SAC,SF,42,3,342,.427,.375,.436,.615,.600,.617,.043,.863,91,69,121,113,77,107,18,205,16.9,9.6,,mcderdo01
418,Christian Koloko,24,LAL,C,37,0,342,.606,.645,.000,.606,.714,.624,.212,.061,130,118,0,112,92,108,87,14,8.3,6.8,,kolokch01
419,Terrence Shannon Jr.,24,MIN,SG,32,1,339,.482,.530,.355,.531,.810,.560,.184,.272,103,97,99,98,104,97,76,65,-2.8,-4.0,,shannte01
420,Keion Brooks Jr.,24,NOP,SF,14,6,332,.486,.591,.326,.550,.733,.581,.275,.394,104,108,90,101,94,101,113,94,1.6,1.2,,brookke02
421,Tristan Thompson,33,CLE,C,40,0,328,.437,.456,.000,.437,.233,.410,.423,.042,93,84,0,80,30,71,174,10,-15.1,-28.0,,thomptr01
422,Maxwell Lewis,22,2TM,SF,28,1,327,.417,.448,.380,.505,.700,.516,.093,.463,89,82,105,93,90,90,38,110,-8.3,-13.5,,lewisma05
422,Maxwell Lewis,22,LAL,SF,7,0,29,.333,.333,,.333,,.333,.000,.000,71,61,,61,,58,0,0,-2.5,-2.9,,lewisma05
422,Maxwell Lewis,22,BRK,SF,21,1,298,.422,.462,.380,.515,.700,.526,.098,.490,90,85,105,95,90,91,40,116,-5.8,-10.6,,lewisma05
423,Jevon Carter,29,CHI,PG,36,1,321,.377,.488,.333,.497,.800,.509,.068,.719,81,89,93,91,103,88,28,171,-13.6,-20.3,,carteje01
424,Patty Mills,36,2TM,PG,29,0,321,.375,.476,.347,.510,.929,.543,.146,.781,80,87,96,94,119,94,60,186,-6.2,-6.7,,millspa02
424,Patty Mills,36,UTA,PG,17,0,260,.342,.474,.298,.454,1.000,.473,.066,.750,73,87,83,84,128,82,27,178,-13.5,-16.1,,millspa02
424,Patty Mills,36,LAC,PG,12,0,61,.500,.500,.500,.725,.889,.772,.450,.900,107,92,139,134,114,134,185,214,7.3,9.4,,millspa02
425,Tre Mann,23,CHO,PG,13,0,319,.435,.455,.400,.509,.905,.537,.130,.373,93,84,111,94,116,93,54,88,-10.9,-13.2,,manntr01
426,Jalen Hood-Schifino,21,2TM,SG,15,0,315,.378,.442,.304,.449,.857,.494,.214,.469,81,81,84,83,110,86,88,111,-18.5,-17.6,,hoodsja01
426,Jalen Hood-Schifino,21,LAL,SG,2,0,14,1.000,1.000,,1.000,1.000,1.064,2.000,.000,214,183,,184,128,185,824,0,0.9,1.8,,hoodsja01
426,Jalen Hood-Schifino,21,PHI,SG,13,0,301,.371,.431,.304,.443,.842,.484,.196,.474,79,79,84,82,108,84,81,113,-19.4,-19.4,,hoodsja01
427,Torrey Craig,34,2TM,SF,26,4,314,.422,.583,.364,.556,.667,.567,.133,.733,90,107,101,102,85,98,55,174,2.2,-1.8,,craigto01
427,Torrey Craig,34,CHI,SF,9,1,113,.489,.700,.429,.656,.750,.663,.089,.778,105,128,119,121,96,115,37,185,10.1,8.1,,craigto01
427,Torrey Craig,34,BOS,SF,17,3,201,.356,.500,.290,.456,.625,.474,.178,.689,76,92,81,84,80,82,73,164,-7.9,-9.9,,craigto01
428,Jordan McLaughlin,28,2TM,PG,46,0,314,.431,.462,.413,.563,.773,.600,.306,.639,92,85,115,104,99,104,126,152,2.8,3.9,,mclaujo01
428,Jordan McLaughlin,28,SAC,PG,28,0,190,.364,.333,.385,.477,.688,.519,.364,.591,78,61,107,88,88,90,150,140,-5.8,-5.8,,mclaujo01
428,Jordan McLaughlin,28,SAS,PG,18,0,124,.536,.750,.450,.696,1.000,.734,.214,.714,115,138,125,128,128,127,88,170,8.6,9.7,,mclaujo01
429,Matisse Thybulle,27,POR,SG,15,5,312,.477,.525,.438,.597,.467,.592,.170,.545,102,96,121,110,60,103,70,130,9.4,3.0,,thybuma01
430,Isaac Jones,24,SAC,PF,40,0,304,.651,.680,.375,.669,.639,.678,.434,.096,139,125,104,123,82,118,179,23,20.9,20.1,,jonesis01
431,Tyler Kolek,23,NYK,PG,41,0,296,.329,.371,.298,.415,.765,.453,.207,.573,70,68,83,76,98,79,85,136,-21.1,-22.1,,kolekty01
432,Mitchell Robinson,26,NYK,C,17,3,290,.661,.661,,.661,.684,.676,.339,.000,141,121,,122,88,117,140,0,13.2,12.8,,robinmi01
433,Josh Minott,22,MIN,SF,46,0,276,.489,.638,.326,.567,.895,.605,.211,.478,105,117,90,104,115,105,87,113,4.2,5.7,,minotjo01
434,Kobe Brown,25,LAC,PF,40,0,272,.458,.587,.231,.500,.714,.513,.097,.361,98,108,64,92,92,89,40,86,-6.2,-9.5,,brownko01
435,Dru Smith,27,MIA,SG,14,1,268,.508,.484,.533,.639,.750,.656,.197,.492,109,89,148,118,96,114,81,117,11.7,10.6,,smithdr01
436,Isaiah Wong,24,CHO,SG,20,0,265,.390,.389,.394,.452,.735,.500,.324,.314,84,71,109,83,94,87,133,75,-19.0,-18.2,,wongis01
437,Marvin Bagley III,25,2TM,PF,31,2,265,.519,.598,.158,.533,.657,.560,.330,.179,111,110,44,98,84,97,136,43,-2.1,-3.9,,baglema01
437,Marvin Bagley III,25,WAS,C,19,1,166,.535,.590,.200,.549,.652,.573,.324,.141,115,108,56,101,84,99,133,33,0.9,-0.5,,baglema01
437,Marvin Bagley III,25,MEM,PF,12,1,99,.486,.615,.111,.500,.667,.534,.343,.257,104,113,31,92,85,93,141,61,-3.0,-3.4,,baglema01
438,Oscar Tshiebwe,25,UTA,C,14,1,255,.600,.600,,.600,.742,.640,.443,.000,128,110,,110,95,111,182,0,8.0,10.6,,tshieos01
439,Drew Timme,24,BRK,PF,9,2,254,.441,.537,.257,.485,.625,.500,.157,.343,94,99,71,89,80,87,65,81,-11.8,-16.7,,timmedr01
440,Marcus Bagley,23,PHI,SF,10,4,253,.391,.595,.156,.428,.800,.456,.145,.464,84,109,43,79,103,79,60,110,-15.9,-17.6,,baglema02
441,Cam Spencer,24,MEM,SG,25,1,252,.415,.517,.358,.530,1.000,.587,.232,.646,89,95,100,98,128,102,95,153,-2.1,1.9,,spencca01
442,Kevin Love,36,MIA,PF,23,9,251,.357,.354,.358,.461,.696,.488,.200,.583,76,65,99,85,89,85,82,138,-18.9,-22.2,,loveke01
443,Pat Spencer,28,GSW,PG,39,0,250,.406,.456,.227,.431,.733,.455,.149,.218,87,84,63,79,94,79,61,52,-22.7,-26.0,,spencpa01
444,JT Thor,22,2TM,PF,20,0,249,.424,.500,.286,.475,.682,.517,.373,.356,91,92,79,87,87,90,154,85,-8.1,-8.1,,thorjt01
444,JT Thor,22,CLE,PF,9,0,42,.600,.667,.500,.700,.875,.756,.533,.400,128,122,139,129,112,131,220,95,4.7,6.7,,thorjt01
444,JT Thor,22,WAS,PF,11,0,207,.364,.448,.200,.398,.571,.429,.318,.341,78,82,56,73,73,74,131,81,-12.8,-14.8,,thorjt01
445,Branden Carlson,25,OKC,C,32,0,246,.443,.677,.333,.557,.778,.581,.186,.680,95,124,93,103,100,101,76,162,2.6,1.1,,carlsbr01
446,Dariq Whitehead,20,BRK,SF,20,0,246,.406,.273,.446,.578,.600,.580,.052,.771,87,50,124,106,77,101,21,183,6.7,0.8,,whiteda01
447,Johnny Davis,22,WAS,SG,34,0,242,.410,.510,.241,.455,.600,.473,.192,.372,88,94,67,84,77,82,79,88,-13.7,-17.5,,davisjo06
448,Jaylen Martin,21,2TM,SF,16,0,239,.419,.471,.304,.466,.900,.497,.135,.311,90,86,84,86,115,86,56,74,-11.4,-12.3,,martija02
448,Jaylen Martin,21,BRK,SF,3,0,5,.500,.000,1.000,.750,,.750,.000,.500,107,0,278,138,,130,0,119,0.8,0.7,,martija02
448,Jaylen Martin,21,WAS,SF,13,0,234,.417,.480,.273,.458,.900,.491,.139,.306,89,88,76,84,115,85,57,73,-12.2,-13.0,,martija02
449,Bones Hyland,24,2TM,PG,24,0,239,.398,.417,.390,.534,.885,.576,.220,.695,85,76,108,98,113,100,91,165,-2.2,-0.2,,hylanbo01
449,Bones Hyland,24,LAC,PG,20,0,222,.391,.400,.388,.526,.885,.569,.226,.696,84,73,108,97,113,99,93,165,-3.9,-1.7,,hylanbo01
449,Bones Hyland,24,MIN,PG,4,0,17,.667,1.000,.500,.833,,.833,.000,.667,143,183,139,153,,145,0,158,1.7,1.5,,hylanbo01
450,Xavier Tillman Sr.,26,BOS,C,33,2,231,.245,.381,.156,.292,.750,.310,.075,.604,52,70,43,54,96,54,31,143,-26.6,-29.1,,tillmxa01
451,Garrett Temple,38,TOR,SG,28,0,227,.300,.375,.214,.350,.917,.406,.200,.467,64,69,59,64,118,70,82,111,-23.2,-22.2,,templga01
452,Jared Rhoden,25,2TM,SG,14,2,227,.483,.625,.308,.552,.880,.602,.287,.448,103,115,85,102,113,104,118,106,1.5,5.1,,rhodeja01
452,Jared Rhoden,25,CHO,SG,4,0,12,.250,.333,.000,.250,,.250,.000,.250,54,61,0,46,,43,0,59,-4.7,-5.2,,rhodeja01
452,Jared Rhoden,25,TOR,SG,10,2,215,.506,.667,.324,.582,.880,.633,.316,.468,108,122,90,107,113,110,130,111,6.2,10.3,,rhodeja01
453,Luka Garza,26,MIN,C,39,0,219,.495,.609,.278,.543,.686,.573,.333,.343,106,112,77,100,88,99,137,81,0.0,-0.7,,garzalu01
454,Ariel Hukporti,22,NYK,C,25,1,217,.677,.677,,.677,.462,.654,.419,.000,145,124,,125,59,113,173,0,8.3,5.7,,hukpoar01
455,Alex Reese,25,2TM,PF,15,0,216,.481,.846,.366,.620,.750,.641,.222,.759,103,155,102,114,96,111,92,180,8.3,7.6,,reeseal01
455,Alex Reese,25,OKC,PF,1,0,2,1.000,1.000,,1.000,,1.000,.000,.000,214,183,,184,,174,0,0,0.9,0.8,,reeseal01
455,Alex Reese,25,PHI,PF,14,0,214,.472,.833,.366,.613,.750,.635,.226,.774,101,153,102,113,96,110,93,184,7.4,6.8,,reeseal01
456,Dario Šarić,30,DEN,C,16,4,210,.362,.438,.269,.422,.700,.449,.172,.448,77,80,75,78,90,78,71,106,-14.0,-15.9,,saricda01
457,Adam Flagler,25,OKC,SG,37,0,203,.260,.458,.194,.333,.500,.335,.021,.750,56,84,54,61,64,58,9,178,-40.3,-46.6,,flaglad01
458,Chuma Okeke,26,2TM,PF,9,3,196,.500,.750,.393,.638,.667,.641,.075,.700,107,138,109,117,85,111,31,166,7.6,5.4,,okekech01
458,Chuma Okeke,26,PHI,PF,7,3,171,.545,.727,.455,.697,.667,.699,.091,.667,117,133,126,128,85,121,37,158,10.2,8.5,,okekech01
458,Chuma Okeke,26,CLE,PF,2,0,25,.286,1.000,.167,.357,,.357,.000,.857,61,183,46,66,,62,0,204,-2.6,-3.1,,okekech01
459,Drew Peterson,25,BOS,PF,25,1,186,.415,.500,.394,.573,.778,.601,.220,.805,89,92,109,106,100,104,90,191,2.5,2.2,,peterdr01
460,Markelle Fultz,26,SAC,PG,21,0,184,.418,.407,.500,.448,1.000,.452,.015,.119,89,75,139,82,128,78,6,28,-12.8,-16.7,,fultzma01
461,Lester Quiñones,24,2TM,SG,13,0,183,.397,.529,.295,.481,.846,.514,.167,.564,85,97,82,89,109,89,69,134,-9.7,-10.5,,quinole01
461,Lester Quiñones,24,PHI,SG,4,0,17,.500,.800,.000,.500,1.000,.533,.125,.375,107,147,0,92,128,93,51,89,-0.7,-0.7,,quinole01
461,Lester Quiñones,24,NOP,SG,9,0,166,.386,.483,.317,.479,.833,.511,.171,.586,83,89,88,88,107,89,71,139,-9.0,-9.8,,quinole01
462,Bronny James,20,LAL,SG,27,1,181,.313,.343,.281,.381,.786,.424,.209,.478,67,63,78,70,101,74,86,113,-21.8,-22.3,,jamesbr02
463,Enrique Freeman,24,IND,PF,22,1,181,.432,.556,.100,.446,.684,.507,.514,.270,93,102,28,82,88,88,211,64,-7.2,-6.3,,freemen01
464,Cole Swider,25,2TM,SF,10,0,169,.349,.438,.319,.468,.000,.465,.016,.746,75,80,89,86,0,81,7,177,-9.4,-14.1,,swideco01
464,Cole Swider,25,DET,SF,2,0,13,.000,,.000,.000,,.000,.000,1.000,0,,0,0,,0,0,237,-5.4,-5.8,,swideco01
464,Cole Swider,25,TOR,SF,8,0,156,.379,.438,.357,.509,.000,.505,.017,.724,81,80,99,94,0,88,7,172,-4.0,-8.3,,swideco01
465,Jaylen Nowell,25,NOP,SG,8,0,168,.356,.391,.296,.411,.636,.430,.151,.370,76,72,82,76,82,75,62,88,-19.3,-22.7,,nowelja01
466,Markieff Morris,35,2TM,PF,15,2,165,.300,.353,.250,.364,.833,.385,.086,.514,64,65,69,67,107,67,35,122,-25.0,-27.8,,morrima02
466,Markieff Morris,35,DAL,PF,7,0,41,.227,.333,.154,.273,,.273,.000,.591,49,61,43,50,,47,0,140,-11.9,-13.4,,morrima02
466,Markieff Morris,35,LAL,PF,8,2,124,.333,.360,.304,.406,.833,.434,.125,.479,71,66,84,75,107,75,51,114,-13.1,-14.4,,morrima02
467,Killian Hayes,23,BRK,PG,6,5,162,.419,.455,.381,.512,.833,.559,.279,.488,90,83,106,94,107,97,115,116,-2.7,-1.6,,hayeski01
468,MarJon Beauchamp,24,3TM,SF,35,0,156,.415,.472,.345,.492,.750,.535,.308,.446,89,87,96,91,96,93,127,106,-6.5,-6.0,,beaucma01
468,MarJon Beauchamp,24,MIL,SF,26,0,122,.383,.423,.333,.457,.750,.497,.255,.447,82,78,93,84,96,86,105,106,-8.0,-8.2,,beaucma01
468,MarJon Beauchamp,24,LAC,SF,3,0,17,.571,.500,.667,.714,.500,.685,.571,.429,122,92,185,132,64,119,235,102,2.4,1.9,,beaucma01
468,MarJon Beauchamp,24,NYK,SF,6,0,17,.455,.667,.200,.500,1.000,.588,.364,.455,97,122,56,92,128,102,150,108,-0.9,0.3,,beaucma01
469,Lamar Stevens,27,MEM,PF,17,1,155,.460,.583,.296,.524,.727,.545,.175,.429,99,107,82,96,93,95,72,102,-2.4,-4.2,,stevela01
470,Tyson Etienne,25,BRK,PG,7,0,151,.327,.500,.295,.452,.800,.488,.192,.846,70,92,82,83,103,85,79,201,-9.5,-10.0,,etienty01
471,Josh Richardson,31,MIA,SG,8,0,150,.289,.313,.273,.368,1.000,.402,.105,.579,62,57,76,68,128,70,43,137,-13.3,-13.8,,richajo01
472,Jeenathan Williams,25,HOU,SG,20,0,147,.435,.583,.231,.484,.625,.496,.129,.419,93,107,64,89,80,86,53,100,-7.3,-10.5,,willije02
473,Bruno Fernando,26,TOR,C,17,2,147,.531,.531,,.531,.750,.552,.163,.000,114,97,,98,96,96,67,0,-1.2,-2.5,,fernabr01
474,Damion Lee,32,PHO,SG,25,0,144,.365,.486,.243,.426,.952,.499,.284,.500,78,89,68,78,122,87,117,119,-17.4,-12.9,,leeda03
475,Oshae Brissett,26,PHI,SF,6,2,142,.487,.619,.333,.564,.571,.576,.359,.462,104,114,93,104,73,100,148,110,1.6,0.0,,brissos01
476,Elijah Harkless,24,UTA,SG,10,0,138,.314,.400,.280,.414,.500,.425,.171,.714,67,73,78,76,64,74,71,170,-9.0,-11.4,,harklej01
477,Pete Nance,24,2TM,PF,13,1,138,.438,.625,.375,.578,.500,.578,.063,.750,94,115,104,106,64,100,26,178,2.2,0.1,,nancepe01
477,Pete Nance,24,PHI,C,7,0,68,.333,.333,.333,.467,.500,.472,.133,.800,71,61,93,86,64,82,55,190,-2.3,-3.3,,nancepe01
477,Pete Nance,24,MIL,PF,6,1,70,.529,.800,.417,.676,,.676,.000,.706,113,147,116,125,,117,0,168,4.5,3.4,,nancepe01
478,Vlatko Čančar,27,DEN,PF,13,0,136,.385,.545,.267,.462,,.462,.000,.577,82,100,74,85,,80,0,137,-4.2,-6.0,,cancavl01
479,Kylor Kelley,27,2TM,C,11,2,126,.636,.636,,.636,.600,.644,.455,.000,136,117,,117,77,112,187,0,4.1,3.6,,kelleky01
479,Kylor Kelley,27,DAL,C,8,1,67,.769,.769,,.769,.667,.767,.462,.000,165,141,,142,85,133,190,0,5.9,6.0,,kelleky01
479,Kylor Kelley,27,NOP,C,3,1,59,.444,.444,,.444,.500,.465,.444,.000,95,82,,82,64,81,183,0,-1.8,-2.4,,kelleky01
480,Alex Ducas,24,OKC,SG,21,0,125,.400,.222,.476,.567,1.000,.583,.067,.700,86,41,132,104,128,101,27,166,1.4,0.4,,ducasal01
481,Spencer Jones,23,DEN,SF,20,0,125,.324,.588,.059,.338,1.000,.368,.088,.500,69,108,16,62,128,64,36,119,-13.9,-14.7,,jonessp01
482,Kobe Bufkin,21,ATL,SG,10,0,124,.383,.500,.211,.426,.722,.483,.383,.404,82,92,58,78,93,84,158,96,-11.0,-10.3,,bufkiko01
483,Tyler Smith,20,MIL,PF,23,0,122,.480,.550,.433,.610,.750,.626,.160,.600,103,101,120,112,96,109,66,142,6.7,5.3,,smithty02
484,De'Anthony Melton,26,GSW,SG,6,2,121,.407,.474,.371,.528,.625,.539,.148,.648,87,87,103,97,80,94,61,154,-1.7,-4.3,,meltode01
485,Moses Brown,25,2TM,C,13,2,119,.694,.694,,.694,.727,.706,.224,.000,149,127,,128,93,122,92,0,14.8,13.9,,brownmo01
485,Moses Brown,25,IND,C,9,0,46,.650,.650,,.650,.600,.653,.250,.000,139,119,,120,77,113,103,0,4.3,3.4,,brownmo01
485,Moses Brown,25,DAL,C,4,2,73,.724,.724,,.724,.833,.743,.207,.000,155,133,,133,107,129,85,0,10.5,10.5,,brownmo01
486,TyTy Washington Jr.,23,PHO,PG,16,0,118,.311,.417,.190,.356,.500,.367,.133,.467,67,76,53,65,64,64,55,111,-16.9,-19.9,,washity02
487,Trey Alexander,21,DEN,SG,24,0,117,.317,.417,.176,.354,.750,.374,.098,.415,68,76,49,65,96,65,40,98,-15.5,-17.3,,alexatr01
488,Joe Ingles,37,MIN,SF,19,1,114,.261,.375,.200,.326,,.326,.000,.652,56,69,56,60,,57,0,155,-10.0,-11.5,,inglejo01
489,Sidy Cissoko,20,2TM,SF,22,0,114,.433,.588,.231,.483,.333,.471,.300,.433,93,108,64,89,43,82,124,103,-3.6,-7.1,,cissosi01
489,Sidy Cissoko,20,SAS,SF,17,0,54,.500,.545,.429,.583,.167,.533,.333,.389,107,100,119,107,21,92,137,92,1.4,-1.8,,cissosi01
489,Sidy Cissoko,20,POR,SF,5,0,60,.333,.667,.000,.333,.667,.375,.250,.500,71,122,0,61,85,65,103,119,-5.0,-5.3,,cissosi01
490,Tony Bradley,27,IND,C,14,0,113,.644,.667,.333,.656,.333,.640,.133,.067,138,122,93,121,43,111,55,16,10.1,6.1,,bradlto01
491,Jaylen Sims,26,CHO,SG,6,0,112,.429,.462,.400,.536,.800,.607,.536,.536,92,85,111,99,103,105,221,127,-0.4,2.1,,simsja01
492,Pacome Dadiet,19,NYK,SG,18,0,111,.323,.333,.316,.419,.667,.446,.194,.613,69,61,88,77,85,77,80,146,-7.7,-8.8,,dadiepa01
493,Patrick Baldwin Jr.,22,2TM,SF,24,0,107,.543,.500,.565,.729,.500,.721,.114,.657,116,92,157,134,64,125,47,156,13.0,10.6,,baldwpa01
493,Patrick Baldwin Jr.,22,WAS,SF,22,0,101,.515,.500,.524,.682,.500,.676,.121,.636,110,92,145,126,64,117,50,151,9.2,6.9,,baldwpa01
493,Patrick Baldwin Jr.,22,LAC,SF,2,0,6,1.000,,1.000,1.500,,1.500,.000,1.000,214,,278,276,,260,0,237,3.8,3.7,,baldwpa01
494,Chris Livingston,21,MIL,SF,21,1,106,.333,.474,.000,.333,.750,.441,.593,.296,71,87,0,61,96,76,244,70,-11.3,-9.2,,livinch01
495,Jae Crowder,34,SAC,PF,9,2,103,.318,.429,.267,.409,.833,.467,.273,.682,68,79,74,75,107,81,112,162,-5.9,-5.4,,crowdja01
496,Justin Minaya,25,POR,SF,19,0,101,.381,.545,.200,.429,.000,.411,.095,.476,82,100,56,79,0,71,39,113,-4.8,-7.2,,minayju01
497,Keshad Johnson,23,MIA,SF,16,0,98,.692,.789,.429,.750,.444,.718,.346,.269,148,145,119,138,57,125,143,64,10.8,8.5,,johnske10
498,Yuki Kawamura,23,MEM,PG,22,0,93,.367,.571,.304,.483,.778,.530,.300,.767,78,105,84,89,100,92,124,182,-3.6,-3.1,,kawamyu01
499,JD Davison,22,BOS,PG,16,0,93,.353,.500,.222,.412,.714,.445,.206,.529,76,92,62,76,92,77,85,126,-8.9,-9.7,,davisjd01
500,Luke Travers,23,CLE,SG,12,0,88,.250,.455,.000,.250,1.000,.287,.100,.450,54,83,0,46,128,50,41,107,-11.7,-12.1,,travelu01
501,Stanley Umude,25,MIL,SG,22,0,86,.192,.182,.200,.250,.500,.270,.154,.577,41,33,56,46,64,47,63,137,-15.2,-17.0,,umudest01
502,Kevin Knox,25,GSW,SF,14,0,84,.500,.667,.267,.556,.750,.582,.222,.417,107,122,74,102,96,101,92,99,0.9,0.5,,knoxke01
503,Isaiah Jackson,23,IND,C,5,1,84,.609,.609,,.609,.500,.600,.609,.000,130,112,,112,64,104,251,0,3.0,1.4,,jacksis01
504,Marcus Garrett,26,CHO,SG,4,0,79,.407,.421,.375,.463,.750,.487,.148,.296,87,77,104,85,96,84,61,70,-4.3,-5.1,,garrema01
505,Jacob Toppin,24,2TM,SF,17,0,76,.409,.333,.500,.523,,.523,.000,.455,88,61,139,96,,91,0,108,-0.9,-2.3,,toppija01
505,Jacob Toppin,24,NYK,SF,16,0,49,.300,.375,.000,.300,,.300,.000,.200,64,69,0,55,,52,0,47,-4.9,-5.5,,toppija01
505,Jacob Toppin,24,ATL,SF,1,0,27,.500,.250,.625,.708,,.708,.000,.667,107,46,174,130,,123,0,158,4.0,3.2,,toppija01
506,Emoni Bates,21,CLE,SF,10,0,75,.342,.250,.367,.487,,.487,.000,.789,73,46,102,90,,84,0,187,-4.3,-6.8,,batesem01
507,Taylor Hendricks,21,UTA,PF,3,3,75,.222,.167,.250,.306,.750,.354,.222,.667,48,31,69,56,96,61,92,158,-8.6,-8.8,,hendrta01
508,Chris Duarte,27,CHI,SG,17,0,74,.462,.545,.400,.577,.750,.610,.308,.577,99,100,111,106,96,106,127,137,1.8,2.0,,duartch01
509,Daeqwon Plowden,26,ATL,SG,6,0,72,.640,.875,.529,.820,1.000,.831,.080,.680,137,161,147,151,128,144,33,161,13.8,13.2,,plowdda01
510,RayJ Dennis,23,IND,PG,11,0,70,.333,.417,.286,.424,1.000,.443,.061,.636,71,76,79,78,128,77,25,151,-7.8,-9.0,,dennira01
511,Josh Christopher,23,MIA,SG,14,0,69,.355,.450,.182,.387,.667,.416,.194,.355,76,83,50,71,85,72,80,84,-9.7,-10.8,,chrisjo01
512,Matt Ryan,27,NYK,SF,19,0,68,.323,.333,.316,.419,1.000,.439,.065,.613,69,61,88,77,128,76,27,146,-7.7,-8.7,,ryanma01
513,Armel Traoré,22,LAL,SF,9,0,67,.316,.500,.000,.316,.286,.317,.368,.368,68,92,0,58,37,55,152,87,-8.6,-11.4,,armeltr01
514,PJ Hall,22,DEN,C,19,0,66,.583,.750,.250,.625,.750,.641,.167,.333,125,138,69,115,96,111,69,79,3.9,3.3,,hallpj01
515,Nae'Qwan Tomlin,24,CLE,PF,5,1,63,.406,.500,.200,.438,.727,.489,.344,.313,87,92,56,81,93,85,142,74,-6.8,-6.5,,tomlina01
516,Jamaree Bouyea,25,MIL,PG,5,1,62,.500,.714,.200,.542,.667,.581,.500,.417,107,131,56,100,85,101,206,99,0.0,0.1,,bouyeja01
517,Cam Christie,19,LAC,SG,13,0,59,.292,.455,.154,.333,.500,.349,.167,.542,62,83,43,61,64,61,69,129,-10.1,-11.7,,chrisca02
518,P.J. Tucker,39,NYK,SF,3,1,58,.429,.000,.500,.643,,.643,.000,.857,92,0,139,118,,112,0,204,1.4,0.9,,tuckepj01
519,Jazian Gortman,21,DAL,PG,16,0,57,.391,.417,.364,.478,.500,.485,.174,.478,84,76,101,88,64,84,72,114,-3.0,-4.5,,gortmja01
520,Liam Robbins,25,MIL,C,13,0,57,.250,.333,.000,.250,.500,.363,1.250,.250,54,61,0,46,64,63,515,59,-4.7,-5.3,,robbili01
521,E.J. Liddell,24,CHI,PF,12,0,53,.533,1.000,.300,.633,1.000,.661,.133,.667,114,183,83,117,128,115,55,158,2.7,2.7,,liddeej01
522,Jackson Rowe,28,GSW,PF,6,0,52,.471,.714,.300,.559,.500,.560,.353,.588,101,131,83,103,64,97,145,140,0.5,-0.6,,roweja01
523,N'Faly Dante,23,HOU,C,4,0,51,.769,.769,,.769,.800,.789,.385,.000,165,141,,142,103,137,158,0,5.9,6.5,,nfalyda01
524,Isaiah Crawford,23,SAC,SF,15,0,46,.455,.667,.200,.500,.500,.509,.364,.455,97,122,56,92,64,88,150,108,-0.9,-1.7,,crawfis01
525,Mason Jones,26,SAC,SG,10,0,45,.500,.800,.125,.528,.800,.569,.278,.444,107,147,35,97,103,99,114,106,-0.6,-0.3,,jonesma05
526,Phillip Wheeler,22,PHI,PF,5,0,44,.143,.273,.000,.143,1.000,.183,.095,.476,31,50,0,26,128,32,39,113,-16.8,-17.2,,wheelph02
527,Malachi Flynn,26,CHO,PG,4,0,44,.385,.444,.250,.423,.833,.512,.462,.308,82,82,69,78,107,89,190,73,-3.1,-2.0,,flynnma01
528,Jack McVeigh,28,HOU,PF,9,0,43,.294,.250,.308,.412,,.412,.000,.765,63,46,85,76,,71,0,182,-4.5,-5.6,,mcveija01
529,Bobi Klintman,21,DET,SF,8,0,42,.600,.800,.400,.700,.500,.689,.200,.500,128,147,111,129,64,120,82,119,3.1,2.5,,klintbo01
530,James Johnson,37,IND,PF,12,0,37,.364,.500,.000,.364,.000,.350,.091,.273,78,92,0,67,0,61,37,65,-3.9,-5.2,,johnsja01
531,PJ Dozier,28,MIN,SG,9,0,35,.667,,.667,1.000,.167,.621,2.000,1.000,143,,185,184,21,108,824,237,2.7,0.5,,doziepj01
532,Harrison Ingram,22,SAS,SF,5,0,35,.500,.667,.000,.500,,.500,.000,.250,107,122,0,92,,87,0,59,-0.3,-0.6,,ingraha01
533,Miles Norris,24,BOS,PF,3,0,35,.222,.000,.286,.333,.500,.354,.222,.778,48,0,79,61,64,61,92,185,-3.8,-4.4,,norrimi01
534,David Duke Jr.,25,SAS,SG,6,0,34,.429,.375,.500,.536,.500,.538,.143,.429,92,69,139,99,64,93,59,102,-0.2,-1.1,,dukeda01
535,D.J. Carton,24,TOR,SG,4,0,33,.143,.250,.000,.143,1.000,.202,.143,.429,31,46,0,26,128,35,59,102,-5.6,-5.6,,cartodj01
536,Bryce McGowens,22,POR,SG,13,0,32,.286,.400,.000,.286,.833,.391,.429,.286,61,73,0,53,107,68,176,68,-7.2,-6.2,,mcgowbr01
537,Leonard Miller,21,MIN,SF,13,0,32,.400,.600,.000,.400,1.000,.540,.533,.333,86,110,0,74,128,94,220,79,-4.3,-1.3,,millele01
538,Ulrich Chomche,19,TOR,PF,7,0,32,.400,.400,,.400,.500,.425,.400,.000,86,73,,74,64,74,165,0,-1.4,-1.8,,chomcul01
539,Jalen Bridges,23,PHO,SF,8,0,30,.286,,.286,.429,.750,.514,.571,1.000,61,,79,79,96,89,235,237,-1.6,-1.1,,bridgja01
540,Jahmir Young,24,CHI,PG,6,0,30,.800,1.000,.500,.900,1.000,.935,.400,.400,171,183,139,166,128,162,165,95,3.6,4.2,,youngja05
541,Kevin McCullar Jr.,23,NYK,SF,4,0,29,.286,.333,.000,.286,1.000,.381,.286,.143,61,61,0,53,128,66,118,34,-3.6,-3.1,,mcculke01
542,Trentyn Flowers,19,LAC,SF,6,0,27,.364,.444,.000,.364,1.000,.446,.273,.182,78,82,0,67,128,77,112,43,-3.9,-3.2,,flowetr01
543,Emanuel Miller,24,CHI,PF,6,0,25,.500,.571,.000,.500,1.000,.563,.250,.125,107,105,0,92,128,98,103,30,-0.7,-0.2,,milleem01
544,Daniss Jenkins,23,DET,PG,7,0,23,.300,.667,.143,.350,.000,.322,.200,.700,64,122,40,64,0,56,82,166,-3.9,-5.5,,jenkida01
545,Anton Watson,24,NYK,SF,9,0,22,.444,.500,.000,.444,,.444,.000,.111,95,92,0,82,,77,0,26,-1.8,-2.4,,watsoan02
546,Tolu Smith,24,DET,PF,1,0,22,.667,.667,,.667,.667,.678,.333,.000,143,122,,123,85,118,137,0,2.2,2.1,,smithto05
547,Malevy Leons,25,OKC,SF,6,0,21,.000,.000,.000,.000,.500,.266,2.000,.500,0,0,0,0,64,46,824,119,-2.2,-2.3,,leonsma01
548,Adama Sanogo,22,CHI,C,4,0,21,.571,.571,,.571,,.571,.000,.000,122,105,,105,,99,0,0,0.4,-0.1,,sanogad01
549,Taze Moore,26,POR,SG,2,0,20,.200,.167,.250,.250,.500,.276,.200,.400,43,31,69,46,64,48,82,95,-5.9,-6.5,,mooreta02
550,Ron Harper Jr.,24,DET,SF,1,0,17,.125,.500,.000,.125,1.000,.225,.250,.750,27,92,0,23,128,39,103,178,-6.7,-6.2,,harpero02
551,Isaiah Mobley,25,PHI,PF,1,0,17,.286,.250,.333,.357,.500,.381,.286,.429,61,46,93,66,64,66,118,102,-2.6,-3.1,,mobleis01
552,Yuri Collins,23,GSW,PG,2,0,16,.333,.333,,.333,,.333,.000,.000,71,61,,61,,58,0,0,-1.3,-1.5,,colliyu01
553,Tristen Newton,23,2TM,SG,8,0,16,.125,.200,.000,.125,1.000,.178,.125,.375,27,37,0,23,128,31,51,89,-6.7,-6.7,,newtotr01
553,Tristen Newton,23,IND,SG,5,0,8,.167,.333,.000,.167,1.000,.233,.167,.500,36,61,0,31,128,40,69,119,-4.5,-4.4,,newtotr01
553,Tristen Newton,23,MIN,SG,3,0,8,.000,.000,,.000,,.000,.000,.000,0,0,,0,,0,0,0,-2.2,-2.3,,newtotr01
554,Daishen Nix,22,MIN,PG,3,0,13,.000,,.000,.000,.500,.266,2.000,1.000,0,,0,0,64,46,824,237,-1.1,-1.2,,nixda01
555,Skal Labissière,28,SAC,PF,4,0,12,.500,.333,1.000,.625,,.625,.000,.250,107,61,278,115,,108,0,59,0.7,0.4,,labissk01
556,Braxton Key,27,GSW,SF,3,0,11,.000,.000,.000,.000,.500,.226,1.500,.250,0,0,0,0,64,39,618,59,-4.3,-4.7,,keybr01
557,Cui Yongxi,21,BRK,SG,5,0,10,.143,.250,.000,.143,.500,.190,.286,.429,31,46,0,26,64,33,118,102,-5.6,-6.1,,cuiyo01
558,Mac McClung,26,ORL,SG,2,0,10,.000,.000,.000,.000,,.000,.000,.500,0,0,0,0,,0,0,119,-2.2,-2.3,,mccluma01
559,Quincy Olivari,23,LAL,PG,2,0,10,.200,,.200,.300,,.300,.000,1.000,43,,56,55,,52,0,237,-2.4,-2.8,,olivaqu01
560,Terence Davis,27,SAC,SG,1,0,8,.000,.000,.000,.000,,.000,.000,.500,0,0,0,0,,0,0,119,-2.2,-2.3,,daviste02
561,Jalen McDaniels,27,WAS,SF,4,0,7,,,,,,,,,,,,,,,,,0.0,0.0,,mcdanja01
562,Riley Minix,24,SAS,SF,1,0,7,.000,,.000,.000,,.000,.000,1.000,0,,0,0,,0,0,237,-1.1,-1.2,,minixri01
563,Isaiah Stevens,24,MIA,PG,3,0,6,.000,.000,.000,.000,,.000,.000,.500,0,0,0,0,,0,0,119,-2.2,-2.3,,steveis01
564,Terry Taylor,25,SAC,PF,3,0,6,.000,.000,,.000,,.000,.000,.000,0,0,,0,,0,0,0,-1.1,-1.2,,taylote01
565,Jesse Edwards,24,MIN,C,2,0,5,,,,,,,,,,,,,,,,,0.0,0.0,,edwarje01
566,James Wiseman,23,IND,C,1,0,5,.500,.667,.000,.500,1.000,.615,.500,.250,107,122,0,92,128,107,206,59,-0.3,0.4,,wisemja01
567,Alondes Williams,25,DET,SG,1,0,4,1.000,1.000,1.000,1.250,,1.250,.000,.500,214,183,278,230,,217,0,119,2.8,2.7,,willial06
568,Zyon Pullin,23,MEM,SG,3,0,3,.000,.000,,.000,,.000,.000,.000,0,0,,0,,0,0,0,-1.1,-1.2,,pullizy01
569,Jahlil Okafor,29,IND,C,1,0,3,,,,,,,,,,,,,,,,,0.0,0.0,,okafoja01